Player,Place,Season,Age,Team,Lg,W,L,W-L%,ERA,IP,BF,ERA+,FIP,WHIP,H9,HR9,BB9,SO9,SO/BB,WAR,WAA,Player-additional
Mark Fidrych,ROY-1,1976,21,DET,AL,19,9,0.679,2.34,250.1,996,159,3.15,1.079,7.8,0.4,1.9,3.5,1.83,9.6,7.3,fidryma01
Britt Burns,ROY-5,1980,21,CHW,AL,15,13,0.536,2.84,238,970,143,3.41,1.16,8.1,0.6,2.4,5,2.11,7,4.9,burnsbr01
John Montefusco,ROY-1,1975,25,SFG,NL,15,9,0.625,2.88,243.2,1018,133,2.57,1.215,7.8,0.4,3.2,7.9,2.5,6.8,4.8,montejo01
Jos√© Fern√°ndez,ROY-1,2013,20,MIA,NL,12,6,0.667,2.19,172.2,681,176,2.73,0.979,5.8,0.5,3,9.7,3.22,6.2,4.8,fernajo02
Brandon Webb,ROY-3,2003,24,ARI,NL,10,9,0.526,2.84,180.2,750,165,3.34,1.151,7,0.6,3.4,8.6,2.53,6.1,4.8,webbbr01
Michael Soroka,ROY-2,2019,21,ATL,NL,13,4,0.765,2.68,174.2,701,171,3.45,1.111,7.9,0.7,2.1,7.3,3.46,6.1,4.6,sorokmi01
Dave Rozema,ROY-4,1977,20,DET,AL,15,7,0.682,3.09,218.1,890,139,3.95,1.173,9.2,1,1.4,3.8,2.71,5.7,3.7,rozemda01
Dwight Gooden,ROY-1,1984,19,NYM,NL,17,9,0.654,2.6,218,879,137,1.69,1.073,6.6,0.3,3,11.4,3.78,5.5,3.5,goodedw01
Michael Fulmer,ROY-1,2016,23,DET,AL,11,7,0.611,3.06,159,647,139,3.76,1.119,7.7,0.9,2.4,7.5,3.14,5.4,4,fulmemi01
Freddy Garc√≠a,ROY-2,1999,22,SEA,AL,17,8,0.68,4.07,201.1,888,122,4.1,1.465,9.2,0.8,4,7.6,1.89,5.4,3.4,garcifr03
Kevin Appier,ROY-3,1990,22,KCR,AL,12,8,0.6,2.76,185.2,784,139,3.32,1.255,8.7,0.6,2.6,6.2,2.35,5.3,3.6,appieke01
Dennis Eckersley,,1975,20,CLE,AL,13,7,0.65,2.6,186.2,794,144,3.63,1.27,7.1,0.8,4.3,7.3,1.69,5.3,3.4,eckerde01
Craig McMurtry,ROY-2,1983,23,ATL,NL,15,9,0.625,3.08,224.2,943,126,3.76,1.3,8.2,0.5,3.5,4.2,1.19,5.2,3.2,mcmurcr01
Paul Skenes,,2024,22,PIT,NL,10,2,0.833,2.1,120,468,200,2.64,0.992,6.6,0.8,2.3,11.3,4.87,5.2,4.2,skenepa01
Dave Fleming,ROY-3,1992,22,SEA,AL,17,10,0.63,3.39,228.1,946,117,3.38,1.248,8.9,0.5,2.4,4.4,1.87,5.1,3,flemida01
Matt Young,,1983,24,SEA,AL,11,15,0.423,3.27,203.2,851,131,3.83,1.262,7.9,0.8,3.5,5.7,1.65,5.1,3.3,youngma01
Ron Guidry,,1977,26,NYY,AL,16,7,0.696,2.82,210.2,850,140,2.73,1.134,7.4,0.5,2.8,7.5,2.71,4.8,2.9,guidrro01
John Halama,,1999,27,SEA,AL,11,10,0.524,4.22,179,763,118,4.47,1.391,9.7,1,2.8,5.3,1.88,4.8,3.1,halamjo01
Fernando Valenzuela,ROY-1,1981,20,LAD,NL,13,7,0.65,2.48,192.1,758,135,2.44,1.045,6.6,0.5,2.9,8.4,2.95,4.8,3.1,valenfe01
Jered Weaver,ROY-5,2006,23,LAA,AL,11,2,0.846,2.56,123,490,177,3.9,1.033,6.9,1.1,2.4,7.7,3.18,4.7,3.5,weaveje02
Hideo Nomo,ROY-1,1995,26,LAD,NL,13,6,0.684,2.54,191.1,780,149,2.89,1.056,5.8,0.7,3.7,11.1,3.03,4.7,3.2,nomohi01
Roy Oswalt,ROY-2,2001,23,HOU,NL,14,3,0.824,2.73,141.2,575,170,2.84,1.059,8,0.8,1.5,9.1,6,4.7,3.6,oswalro01
Frank Tanana,,1974,20,CAL,AL,14,19,0.424,3.12,268.2,1127,110,3.49,1.262,8.8,0.9,2.6,6,2.34,4.6,2.2,tananfr01
Mike Harkey,ROY-5,1990,23,CHC,NL,12,6,0.667,3.26,173.2,728,126,3.91,1.221,7.9,0.7,3.1,4.9,1.59,4.6,3.2,harkemi01
Kodai Senga,ROY-2,2023,30,NYM,NL,12,7,0.632,2.98,166.1,694,139,3.63,1.22,6.8,0.9,4.2,10.9,2.62,4.5,3.1,sengako01
Mark Langston,ROY-2,1984,23,SEA,AL,17,10,0.63,3.4,225,965,117,3.56,1.36,7.5,0.6,4.7,8.2,1.73,4.4,2.4,langsma01
John Means,ROY-2,2019,26,BAL,AL,12,11,0.522,3.6,155,637,131,4.41,1.135,8,1.3,2.2,7,3.18,4.4,2.9,meansjo01
Jeremy Hellickson,ROY-1,2011,24,TBR,AL,13,10,0.565,2.95,189,774,128,4.44,1.153,7,1,3.4,5.6,1.63,4.3,2.5,hellije01
Cal Eldred,ROY-4,1992,24,MIL,AL,11,2,0.846,1.79,100.1,394,217,2.81,0.987,6.8,0.4,2.1,5.6,2.7,4.2,3.3,eldreca01
J.A. Happ,ROY-2,2009,26,PHI,NL,12,4,0.75,2.93,166,685,144,4.33,1.235,8.1,1.1,3,6.5,2.13,4.2,3.1,happja01
Randy Wells,ROY-6,2009,26,CHC,NL,12,10,0.545,3.05,165.1,694,146,3.88,1.276,9,0.8,2.5,5.7,2.26,4.2,2.9,wellsra01
Bill Laskey,,1982,24,SFG,NL,13,12,0.52,3.14,189.1,781,114,3.46,1.21,8.8,0.7,2,4.2,2.05,4.2,2.5,laskebi01
Rolando Arrojo,ROY-2,1998,32,TBD,AL,14,12,0.538,3.56,202,853,133,4.23,1.287,8.7,0.9,2.9,6.8,2.34,4.1,2.2,arrojro01
Mike Boddicker,ROY-3,1983,25,BAL,AL,16,8,0.667,2.77,179,711,143,3.23,1.078,7.1,0.7,2.6,6,2.31,4.1,2.5,boddimi01
Daisuke Matsuzaka,ROY-4,2007,26,BOS,AL,15,12,0.556,4.4,204.2,874,108,4.23,1.324,8.4,1.1,3.5,8.8,2.51,4.1,2.1,matsuda01
Justin Verlander,ROY-1,2006,23,DET,AL,17,9,0.654,3.63,186,776,125,4.35,1.328,9,1,2.9,6,2.07,4,2.3,verlaju01
Jeremy Guthrie,,2007,28,BAL,AL,7,5,0.583,3.7,175.1,723,125,4.41,1.209,8.5,1.2,2.4,6.3,2.62,4,2.3,guthrje01
Dennis Lamp,,1978,25,CHC,NL,7,15,0.318,3.3,223.2,928,122,3.67,1.238,8.9,0.6,2.3,2.9,1.3,4,2.1,lampde01
Armando Galarraga,ROY-4,2008,26,DET,AL,13,7,0.65,3.73,178.2,746,119,4.88,1.192,7.7,1.4,3.1,6.3,2.07,4,2.3,galarar01
Ross Baumgarten,ROY-4,1979,24,CHW,AL,13,8,0.619,3.54,190.2,818,121,4.53,1.353,8.3,0.8,3.9,3.4,0.87,3.9,2.2,baumgro01
Tim Hudson,ROY-5,1999,23,OAK,AL,11,2,0.846,3.23,136.1,580,142,3.41,1.342,8,0.5,4.1,8.7,2.13,3.9,2.6,hudsoti01
Mike Mason,,1984,25,TEX,AL,9,13,0.409,3.61,184.1,750,114,3.67,1.139,7.8,0.9,2.5,5.5,2.22,3.9,2.2,masonmi01
Dontrelle Willis,ROY-1,2003,21,FLA,NL,14,6,0.7,3.3,160.2,668,127,3.45,1.282,8.3,0.7,3.2,8,2.45,3.9,2.6,willido03
Tommy Hanson,ROY-3,2009,22,ATL,NL,11,4,0.733,2.89,127.2,522,143,3.5,1.183,7.4,0.7,3.2,8.2,2.52,3.9,2.9,hansoto01
Jarrod Parker,ROY-5,2012,23,OAK,AL,13,8,0.619,3.47,181.1,751,112,3.43,1.263,8.2,0.5,3.1,6.9,2.22,3.9,2.1,parkeja02
Kerry Wood,ROY-1,1998,21,CHC,NL,13,6,0.684,3.4,166.2,699,129,3.16,1.212,6.3,0.8,4.6,12.6,2.74,3.9,2.6,woodke02
Matt Morris,ROY-2,1997,22,STL,NL,12,9,0.571,3.19,217,900,131,3.51,1.276,8.6,0.5,2.9,6.2,2.16,3.9,2.2,morrima01
Spencer Strider,ROY-2,2022,23,ATL,NL,11,5,0.688,2.67,131.2,528,154,1.83,0.995,5.9,0.5,3.1,13.8,4.49,3.8,2.7,stridsp01
Collin McHugh,ROY-4,2014,27,HOU,AL,11,9,0.55,2.73,154.2,619,141,3.11,1.022,6.8,0.8,2.4,9.1,3.83,3.8,2.4,mchugco01
Joe Blanton,ROY-6,2005,24,OAK,AL,12,12,0.5,3.53,201.1,835,124,4.43,1.217,8,1,3,5.2,1.73,3.8,1.8,blantjo01
Josh Johnson,ROY-4,2006,22,FLA,NL,12,7,0.632,3.1,157,659,140,3.99,1.299,7.8,0.8,3.9,7.6,1.96,3.8,2.5,johnsjo09
Zack Greinke,ROY-4,2004,20,KCR,AL,8,11,0.421,3.97,145,599,120,4.7,1.166,8.9,1.6,1.6,6.2,3.85,3.8,2.4,greinza01
Joey Hamilton,ROY-5,1994,23,SDP,NL,9,6,0.6,2.98,108.2,447,139,3.81,1.169,8.1,0.6,2.4,5.1,2.1,3.8,2.9,hamiljo02
Junior Guerra,,2016,31,MIL,NL,9,3,0.75,2.81,121.2,492,152,3.7,1.126,7,0.7,3.2,7.4,2.33,3.7,2.8,guerrju02
Rodrigo L√≥pez,ROY-2,2002,26,BAL,AL,15,9,0.625,3.57,196.2,809,120,4.12,1.19,7.9,1.1,2.8,6.2,2.19,3.7,1.9,lopezro02
Ismael Vald√©z,ROY-7,1995,21,LAD,NL,13,11,0.542,3.05,197.2,804,124,3.49,1.108,7.6,0.8,2.3,6.8,2.94,3.7,2.2,valdeis01
An√≠bal S√°nchez,ROY-9,2006,22,FLA,NL,10,3,0.769,2.83,114.1,469,153,4.22,1.19,7.1,0.7,3.6,5.7,1.57,3.7,2.8,sanchan01
Bruce Ruffin,ROY-7,1986,22,PHI,NL,9,4,0.692,2.46,146.1,600,158,3.27,1.244,8.5,0.4,2.7,4.3,1.59,3.7,2.4,ruffibr01
Tanner Bibee,ROY-2,2023,24,CLE,AL,10,4,0.714,2.98,142,585,144,3.52,1.176,7.7,0.8,2.9,8.9,3.13,3.7,2.5,bibeeta01
Tom Browning,ROY-2,1985,25,CIN,NL,20,9,0.69,3.55,261.1,1083,106,3.81,1.205,8.3,1,2.5,5.3,2.12,3.6,1.4,brownto05
Kevin Brown,ROY-6,1989,24,TEX,AL,12,9,0.571,3.35,191,798,119,3.52,1.241,7.9,0.5,3.3,4.9,1.49,3.6,1.9,brownke01
Jerry Garvin,,1977,21,TOR,AL,10,18,0.357,4.19,244.2,1046,100,4.55,1.357,9.1,1.2,3.1,4.7,1.49,3.6,1.4,garvije01
Walker Buehler,ROY-3,2018,23,LAD,NL,8,5,0.615,2.62,137.1,541,148,3.04,0.961,6.2,0.8,2.4,9.9,4.08,3.6,2.5,buehlwa01
Orlando Hern√°ndez,ROY-4,1998,32,NYY,AL,12,4,0.75,3.13,141,574,142,3.53,1.17,7.2,0.7,3.3,8.4,2.52,3.6,2.2,hernaor01
John Fulgham,,1979,23,STL,NL,10,6,0.625,2.53,146,576,151,3.19,1.021,7.6,0.6,1.6,4.6,2.88,3.6,2.4,fulghjo01
Pat Zachry,ROY-1,1976,24,CIN,NL,14,7,0.667,2.74,204,842,128,2.99,1.24,7.5,0.4,3.7,6.3,1.72,3.6,1.9,zachrpa01
Rick Sutcliffe,ROY-1,1979,23,LAD,NL,17,10,0.63,3.46,242,1016,105,3.85,1.298,8.1,0.6,3.6,4.4,1.21,3.5,1.5,sutclri01
Shelby Miller,ROY-3,2013,22,STL,NL,15,9,0.625,3.06,173.1,722,122,3.67,1.206,7.9,1,3,8.8,2.96,3.5,2.1,millesh01
Trevor Rogers,ROY-2,2021,23,MIA,NL,7,8,0.467,2.64,133,550,160,2.55,1.15,7.2,0.4,3.1,10.6,3.41,3.5,2.4,rogertr01
Hyun Jin Ryu,ROY-4,2013,26,LAD,NL,14,8,0.636,3,192,783,119,3.24,1.203,8.5,0.7,2.3,7.2,3.14,3.5,2,ryuhy01
Germ√°n M√°rquez,ROY-5,2017,22,COL,NL,11,7,0.611,4.39,162,701,115,4.4,1.377,9.7,1.4,2.7,8.2,3,3.5,2.2,marquge01
Luis Gil,,2024,26,NYY,AL,13,6,0.684,3.18,135.2,567,129,3.82,1.172,5.9,0.9,4.6,10.3,2.23,3.5,2.3,gillu01
Yu Darvish,ROY-3,2012,25,TEX,AL,16,9,0.64,3.9,191.1,816,112,3.29,1.28,7.3,0.7,4.2,10.4,2.48,3.5,1.7,darviyu01
Dave Righetti,ROY-1,1981,22,NYY,AL,8,4,0.667,2.05,105.1,422,174,2.12,1.073,6.4,0.1,3.2,7.6,2.34,3.5,2.6,righeda01
Mark Redman,ROY-6,2000,26,MIN,AL,12,9,0.571,4.76,151.1,651,109,4.43,1.407,10,1.3,2.7,7,2.6,3.4,2,redmama01
Don Robinson,ROY-3,1978,21,PIT,NL,14,6,0.7,3.47,228.1,937,108,3.33,1.139,8,0.8,2.2,5.3,2.37,3.4,1.6,robindo01
Steve Trachsel,ROY-4,1994,23,CHC,NL,9,7,0.563,3.21,146,612,131,4.51,1.281,8.2,1.2,3.3,6.7,2,3.4,2.3,trachst01
Jos√© Rosado,ROY-4,1996,21,KCR,AL,8,6,0.571,3.21,106.2,441,155,3.67,1.191,8.5,0.6,2.2,5.4,2.46,3.4,2.4,rosadjo01
Kyle Freeland,ROY-7,2017,24,COL,NL,11,11,0.5,4.1,156,688,123,4.57,1.487,9.8,1,3.6,6.2,1.7,3.4,2.2,freelky01
Yordano Ventura,ROY-6,2014,23,KCR,AL,14,10,0.583,3.2,183,782,123,3.6,1.295,8.3,0.7,3.4,7.8,2.3,3.4,1.7,ventuyo01
Scott Kazmir,ROY-9,2005,21,TBD,AL,10,9,0.526,3.77,186,818,116,3.76,1.462,8.3,0.6,4.8,8.4,1.74,3.4,1.6,kazmisc01
Chad Ogea,,1995,24,CLE,AL,8,3,0.727,3.05,106.1,442,154,4.22,1.166,8,0.9,2.5,4.8,1.97,3.4,2.4,ogeach01
Dave Freisleben,,1974,22,SDP,NL,9,14,0.391,3.66,211.2,932,97,3.83,1.446,8.2,0.6,4.8,5.5,1.16,3.3,1.6,freisda01
Casey Mize,,2021,24,DET,AL,7,9,0.438,3.71,150.1,612,114,4.71,1.137,7.8,1.4,2.5,7.1,2.88,3.3,2,mizeca01
Rick Ankiel,ROY-2,2000,20,STL,NL,11,7,0.611,3.5,175,735,134,4.12,1.297,7,1.1,4.6,10,2.16,3.3,1.9,ankieri01
Sandy Alc√°ntara,,2019,23,MIA,NL,6,14,0.3,3.88,197.1,838,110,4.55,1.318,8.2,1,3.7,6.9,1.86,3.3,1.7,alcansa01
Vance Worley,ROY-3,2011,23,PHI,NL,11,3,0.786,3.01,131.2,553,127,3.32,1.23,7.9,0.7,3.1,8.1,2.59,3.3,2.3,worleva01
Jae Weong Seo,,2003,26,NYM,NL,9,12,0.429,3.82,188.1,806,110,3.93,1.269,9.2,0.9,2.2,5.3,2.39,3.3,1.8,seoja01
Pete Smith,,1988,22,ATL,NL,7,15,0.318,3.69,195.1,837,100,3.86,1.387,8.4,0.7,4.1,5.7,1.41,3.3,1.6,smithpe02
Ben McDonald,ROY-8,1990,22,BAL,AL,8,5,0.615,2.43,118.2,472,157,3.58,1.037,6.7,0.7,2.7,4.9,1.86,3.3,2.2,mcdonbe01
Jay Tibbs,,1984,22,CIN,NL,6,2,0.75,2.86,100.2,403,132,3.47,1.192,7.8,0.4,3,3.6,1.21,3.3,2.4,tibbsja01
Lucas Harrell,,2012,27,HOU,NL,11,11,0.5,3.76,193.2,827,107,3.74,1.358,8.6,0.6,3.6,6.5,1.79,3.3,1.7,harrelu01
Joe Hesketh,ROY-8,1985,26,MON,NL,10,5,0.667,2.49,155.1,618,138,2.94,1.094,7.2,0.6,2.6,6.5,2.51,3.3,1.9,heskejo01
Steve Sparks,ROY-9,1995,29,MIL,AL,9,11,0.45,4.63,202,875,107,4.6,1.465,9.4,0.8,3.8,4.3,1.12,3.2,1.3,sparkst01
Gustavo Chac√≠n,ROY-5,2005,24,TOR,AL,13,9,0.591,3.72,203,872,120,4.26,1.394,9.4,0.9,3.1,5.4,1.73,3.2,1.3,chacigu01
Armando Reynoso,ROY-11,1993,27,COL,NL,12,11,0.522,4,189,830,120,4.41,1.423,9.8,1,3,5.6,1.86,3.2,1.7,reynoar02
Kip Young,,1978,23,DET,AL,6,7,0.462,2.81,105.2,421,138,3.67,1.174,8,0.8,2.6,4.2,1.63,3.2,2.2,youngki01
Juan Guzm√°n,ROY-2,1991,24,TOR,AL,10,3,0.769,2.99,138.2,574,142,3.16,1.183,6.4,0.4,4.3,8,1.86,3.2,2,guzmaju01
Tyler Anderson,,2016,26,COL,NL,5,6,0.455,3.54,114.1,478,137,3.59,1.286,9.4,0.9,2.2,7.8,3.54,3.2,2.3,anderty01
Don August,ROY-4,1988,24,MIL,AL,13,7,0.65,3.09,148.1,614,129,3.9,1.247,8.3,0.7,2.9,4,1.38,3.2,1.9,augusdo01
Jack Flaherty,ROY-5,2018,22,STL,NL,8,9,0.471,3.34,151,615,116,3.86,1.106,6.4,1.2,3.5,10.8,3.08,3.2,2,flaheja01
Masahiro Tanaka,ROY-5,2014,25,NYY,AL,13,5,0.722,2.77,136.1,542,138,3.04,1.056,8.1,1,1.4,9.3,6.71,3.1,1.9,tanakma01
Julio Valera,,1992,23,CAL,AL,8,11,0.421,3.73,188,792,106,3.67,1.34,9,0.7,3.1,5.4,1.77,3.1,1.4,valerju01
Brad Bergesen,,2009,23,BAL,AL,7,5,0.583,3.43,123.1,519,133,4.1,1.281,9.2,0.8,2.3,4.7,2.03,3.1,2,bergebr02
Charles Nagy,ROY-8,1991,24,CLE,AL,10,15,0.4,4.13,211.1,914,101,3.77,1.391,9.7,0.6,2.8,4.6,1.65,3.1,1.2,nagych01
Jaime Barria,,2018,21,LAA,AL,10,9,0.526,3.41,129.1,537,123,4.58,1.268,8.1,1.2,3.3,6.8,2.09,3.1,1.9,barrija01
Wade Miley,ROY-2,2012,25,ARI,NL,16,11,0.593,3.33,194.2,807,122,3.15,1.182,8.9,0.6,1.7,6.7,3.89,3.1,1.6,mileywa01
Aaron Sele,ROY-3,1993,23,BOS,AL,7,2,0.778,2.74,111.2,484,170,3.38,1.325,8.1,0.4,3.9,7.5,1.94,3.1,2,seleaa01
Jacob deGrom,ROY-1,2014,26,NYM,NL,9,6,0.6,2.69,140.1,565,128,2.67,1.14,7.5,0.4,2.8,9.2,3.35,3.1,2,degroja01
Teddy Higuera,ROY-2,1985,27,MIL,AL,15,8,0.652,3.9,212.1,874,107,3.77,1.173,7.9,0.9,2.7,5.4,2.02,3.1,1.3,higuete01
Ron Romanick,ROY-7,1984,23,CAL,AL,12,12,0.5,3.76,229.2,973,106,4.16,1.311,9.4,0.9,2.4,3.4,1.43,3.1,1.1,romanro01
Bob Knepper,,1977,23,SFG,NL,11,9,0.55,3.36,166,710,117,3.99,1.343,8.2,0.8,3.9,5.4,1.39,3.1,1.7,kneppbo01
Miguel Gonz√°lez,,2012,28,BAL,AL,9,4,0.692,3.25,105.1,434,130,4.38,1.206,7.9,1.1,3,6.6,2.2,3,2.1,gonzami03
Mark Prior,ROY-7,2002,21,CHC,NL,6,6,0.5,3.32,116.2,486,122,3.16,1.166,7.6,1.1,2.9,11.3,3.87,3,2.1,priorma01
Brett Tomko,ROY-7,1997,24,CIN,NL,11,7,0.611,3.43,126,519,126,4.26,1.214,7.6,1,3.4,6.8,2.02,3,2.1,tomkobr01
Sean Manaea,,2016,24,OAK,AL,7,9,0.438,3.86,144.2,594,106,4.08,1.189,8.4,1.2,2.3,7.7,3.35,3,1.7,manaese01
Matt Keough,,1978,22,OAK,AL,8,15,0.348,3.24,197.1,837,112,3.44,1.333,8.1,0.4,3.9,4.9,1.27,3,1.2,keougma02
Bob Milacki,,1989,24,BAL,AL,14,12,0.538,3.74,243,1022,101,4.07,1.321,8.6,0.8,3.3,4.2,1.28,3,0.8,milacbo01
Jos√© DeLe√≥n,ROY-7,1983,22,PIT,NL,7,3,0.7,2.83,108,438,131,2.51,1.13,6.3,0.4,3.9,9.8,2.51,3,2,deleojo01
Ken Schrom,,1983,28,MIN,AL,15,8,0.652,3.71,196.1,843,114,4.23,1.406,9,0.6,3.7,3.7,1,3,1.3,schroke01
Rich Gale,ROY-4,1978,24,KCR,AL,14,8,0.636,3.09,192.1,821,124,3.95,1.409,8,0.5,4.7,4.1,0.88,2.9,1.1,galeri01
Andy Pettitte,ROY-3,1995,23,NYY,AL,12,9,0.571,4.17,175,745,111,4.01,1.406,9.4,0.8,3.2,5.9,1.81,2.9,1.3,pettian01
Chris Young,,2005,26,TEX,AL,12,7,0.632,4.26,164.2,700,108,3.8,1.257,8.9,1,2.5,7.5,3.04,2.9,1.3,youngch03
CC Sabathia,ROY-2,2001,20,CLE,AL,17,5,0.773,4.39,180.1,763,102,4.22,1.353,7.4,0.9,4.7,8.5,1.8,2.9,1.2,sabatc.01
Chris Paddack,,2019,23,SDP,NL,9,7,0.563,3.33,140.2,568,126,3.95,0.981,6.8,1.5,2,9.8,4.94,2.9,1.7,paddach01
Jim Hughes,,1975,23,MIN,AL,16,14,0.533,3.82,249.2,1100,101,4.11,1.474,8.7,0.6,4.6,4.7,1.02,2.9,0.6,hugheji03
Chuck Smith,ROY-6,2000,30,FLA,NL,6,6,0.5,3.23,122.2,513,137,3.24,1.345,8.1,0.4,4,8.7,2.19,2.9,1.9,smithch07
Alek Manoah,ROY-8,2021,23,TOR,AL,9,2,0.818,3.22,111.2,459,139,3.8,1.048,6.2,1,3.2,10.2,3.18,2.9,1.9,manoaal01
Roger Erickson,,1978,21,MIN,AL,14,13,0.519,3.96,265.2,1120,97,3.59,1.306,9.1,0.6,2.7,4.1,1.53,2.9,0.4,erickro01
Julio Teheran,ROY-5,2013,22,ATL,NL,14,8,0.636,3.2,185.2,774,117,3.69,1.174,8.4,1.1,2.2,8.2,3.78,2.9,1.4,teherju01
Kenta Maeda,ROY-3,2016,28,LAD,NL,16,11,0.593,3.48,175.2,716,115,3.58,1.139,7.7,1,2.6,9.2,3.58,2.8,1.4,maedake01
Brian Matusz,ROY-5,2010,23,BAL,AL,10,12,0.455,4.3,175.2,760,96,4.05,1.343,8.9,1,3.2,7.3,2.27,2.8,1.1,matusbr01
Jordan Montgomery,ROY-6,2017,24,NYY,AL,9,7,0.563,3.88,155.1,649,116,4.07,1.23,8.1,1.2,3,8.3,2.82,2.8,1.4,montgjo01
Bobby Mu√±oz,,1994,26,PHI,NL,7,5,0.583,2.67,104.1,447,161,4.03,1.304,8.7,0.7,3,5.1,1.69,2.8,2,munozbo01
Brian Moehler,,1997,25,DET,AL,11,12,0.478,4.67,175.1,770,98,4.76,1.477,10.2,1.1,3.1,5,1.59,2.8,1.1,moehlbr01
Ian Anderson,ROY-5,2021,23,ATL,NL,9,5,0.643,3.58,128.1,535,121,4.12,1.231,7.4,1.1,3.7,8.7,2.34,2.8,1.7,anderia01
Brian Bannister,ROY-3,2007,26,KCR,AL,12,9,0.571,3.87,165,683,118,4.4,1.212,8.5,0.8,2.4,4.2,1.75,2.8,1.2,bannibr01
Tim Belcher,ROY-3,1988,26,LAD,NL,12,6,0.667,2.91,179.2,719,116,2.54,1.08,7.2,0.4,2.6,7.6,2.98,2.8,1.2,belchti01
John Thomson,,1997,23,COL,NL,7,9,0.438,4.71,166.1,721,110,4.02,1.467,10.4,0.8,2.8,5.7,2.08,2.8,1.5,thomsjo01
Jerry Augustine,,1976,23,MIL,AL,9,12,0.429,3.3,171.2,716,106,3.68,1.299,8.8,0.5,2.9,3.1,1.05,2.8,1.1,augusje01
Al Nipper,ROY-7,1984,25,BOS,AL,11,6,0.647,3.89,182.2,777,107,4.1,1.286,9,0.9,2.6,4.1,1.62,2.8,1.2,nippeal01
Ed Correa,,1986,20,TEX,AL,12,14,0.462,4.23,202.1,886,102,3.78,1.448,7.4,0.7,5.6,8.4,1.5,2.8,1,correed01
Charles Hudson,,1983,24,PHI,NL,8,8,0.5,3.35,169.1,701,108,3.5,1.246,8.4,0.7,2.8,5.4,1.91,2.8,1.3,hudsoch02
Jaime Garc√≠a,ROY-3,2010,23,STL,NL,13,8,0.619,2.7,163.1,695,143,3.41,1.316,8.3,0.5,3.5,7.3,2.06,2.7,1.5,garcija02
Carlos P√©rez,ROY-4,1995,24,MON,NL,10,8,0.556,3.69,141.1,592,117,3.96,1.203,9,1.1,1.8,6.8,3.79,2.7,1.6,perezca01
Dereck Rodr√≠guez,,2018,26,SFG,NL,6,4,0.6,2.81,118.1,487,135,3.73,1.132,7.5,0.7,2.7,6.8,2.47,2.7,1.8,rodride01
Dennis Leonard,,1975,24,KCR,AL,15,7,0.682,3.77,212.1,916,103,3.71,1.422,9,0.8,3.8,6.2,1.62,2.7,0.7,leonade01
Erik Hanson,,1989,24,SEA,AL,9,5,0.643,3.18,113.1,465,128,3.22,1.191,8.2,0.6,2.5,6,2.34,2.7,1.7,hansoer01
John Lannan,,2008,23,WSN,NL,9,15,0.375,3.91,182,779,110,4.79,1.341,8.5,1.1,3.6,5.8,1.63,2.7,1.3,lannajo01
Hiroki Kuroda,,2008,33,LAD,NL,9,10,0.474,3.73,183.1,776,112,3.59,1.216,8.9,0.6,2.1,5.7,2.76,2.7,1.3,kurodhi01
Joe Magrane,ROY-3,1987,22,STL,NL,9,7,0.563,3.54,170.1,722,118,3.6,1.274,8.3,0.5,3.2,5.3,1.68,2.7,1.2,magrajo01
Mark Lemongello,,1977,21,HOU,NL,9,14,0.391,3.48,214.2,910,103,3.95,1.346,9.9,0.8,2.2,3.5,1.6,2.7,0.9,lemonma01
Rick Matula,,1979,25,ATL,NL,8,10,0.444,4.15,171.1,754,98,4.19,1.5,10.1,0.7,3.4,3.5,1.05,2.7,1.2,matulri01
Shota Imanaga,,2024,30,CHC,NL,13,3,0.813,3.03,160.1,642,133,3.82,1.017,7.7,1.5,1.4,8.9,6.36,2.7,1.3,imanash01
John Henry Johnson,,1978,21,OAK,AL,11,10,0.524,3.39,186,789,107,4.19,1.323,7.9,0.9,4,4.4,1.11,2.7,0.9,johnsjo04
Andrew Abbott,,2023,24,CIN,NL,8,6,0.571,3.87,109.1,459,119,4.2,1.317,8.2,1.3,3.6,9.9,2.73,2.6,1.7,abbotan01
Scott Diamond,,2012,25,MIN,AL,12,9,0.571,3.54,173,714,116,3.94,1.243,9.6,0.9,1.6,4.7,2.9,2.6,1,diamosc01
Scott Erickson,,1990,22,MIN,AL,8,4,0.667,2.87,113,485,145,4.39,1.407,8.6,0.7,4.1,4.2,1.04,2.6,1.6,ericksc01
Luis Garcia,ROY-2,2021,24,HOU,AL,11,8,0.579,3.48,155.1,633,123,3.63,1.178,7.7,1.1,2.9,9.7,3.34,2.6,1.3,garcilu05
Iv√°n Nova,ROY-4,2011,24,NYY,AL,16,4,0.8,3.7,165.1,704,116,4,1.331,8.9,0.7,3.1,5.3,1.72,2.6,1,novaiv01
Jason Bere,ROY-2,1993,22,CHW,AL,12,5,0.706,3.47,142.2,610,122,4.08,1.332,6.9,0.8,5.1,8.1,1.59,2.6,1.2,bereja01
Garrett Stephenson,,1997,25,PHI,NL,8,6,0.571,3.15,117,474,135,4,1.214,8,0.8,2.9,6.2,2.13,2.6,1.7,stephga01
Mike Smithson,,1983,28,TEX,AL,10,14,0.417,3.91,223.1,960,102,3.42,1.361,9.4,0.6,2.9,5.4,1.9,2.6,0.6,smithmi03
Jhoulys Chac√≠n,,2010,22,COL,NL,9,11,0.45,3.28,137.1,583,142,3.55,1.274,7.5,0.7,4,9,2.26,2.6,1.5,chacijh01
Bill Gullickson,ROY-2,1980,21,MON,NL,10,5,0.667,3,141,593,119,2.71,1.255,8.1,0.4,3.2,7.7,2.4,2.6,1.3,gullibi01
James Baldwin,ROY-2,1996,24,CHW,AL,11,6,0.647,4.42,169,719,108,4.6,1.331,8.9,1.3,3,6.8,2.23,2.5,0.9,baldwja01
Wei-Yin Chen,ROY-4,2012,26,BAL,AL,12,11,0.522,4.02,192.2,818,105,4.42,1.261,8.7,1.4,2.7,7.2,2.7,2.5,0.7,chenwe02
Dustin Hermanson,,1997,24,MON,NL,8,8,0.5,3.69,158.1,656,113,3.89,1.263,7.6,0.9,3.8,7.7,2.06,2.5,1.3,hermadu01
Dana Kiecker,,1990,29,BOS,AL,8,9,0.471,3.97,152,641,103,3.43,1.309,8.6,0.4,3.2,5.5,1.72,2.5,1.1,kieckda01
Steve McCatty,,1979,25,OAK,AL,11,12,0.478,4.22,185.2,841,97,4.44,1.546,10,0.8,3.9,4.2,1.09,2.5,0.8,mccatst01
Nick Lodolo,ROY-6,2022,24,CIN,NL,4,7,0.364,3.66,103.1,441,119,3.9,1.248,7.8,1.1,3.4,11.4,3.36,2.5,1.6,lodolni01
Eduardo Rodr√≠guez,,2015,22,BOS,AL,10,6,0.625,3.85,121.2,522,112,3.92,1.29,8.9,1,2.7,7.2,2.65,2.5,1.4,rodried05
Spencer Turnbull,,2019,26,DET,AL,3,17,0.15,4.61,148.1,656,103,3.99,1.436,9.3,0.8,3.6,8.9,2.47,2.5,1.2,turnbsp01
Kevin Tapani,ROY-5,1990,26,MIN,AL,12,8,0.6,4.07,159.1,659,102,3.1,1.211,9.3,0.7,1.6,5.7,3.48,2.5,1,tapanke01
Mike Dunne,ROY-2,1987,24,PIT,NL,13,6,0.684,3.03,163.1,680,135,4.05,1.292,7.9,0.6,3.7,4,1.06,2.5,1.1,dunnemi01
Greg Hibbard,,1989,24,CHW,AL,6,7,0.462,3.21,137.1,581,119,3.37,1.333,9.3,0.3,2.7,3.6,1.34,2.5,1.2,hibbagr01
Steven Matz,ROY-6,2016,25,NYM,NL,9,8,0.529,3.4,132.1,547,118,3.39,1.209,8.8,1,2.1,8.8,4.16,2.5,1.4,matzst01
Matt Cain,ROY-5,2006,21,SFG,NL,13,12,0.52,4.15,190.2,818,108,3.96,1.28,7.4,0.8,4.1,8.4,2.06,2.5,1,cainma01
Madison Bumgarner,,2010,20,SFG,NL,7,6,0.538,3,111,472,131,3.66,1.306,9.6,0.9,2.1,7,3.31,2.4,1.6,bumgama01
Masato Yoshii,,1998,33,NYM,NL,6,8,0.429,3.93,171.2,724,107,4.47,1.276,8.7,1.2,2.8,6.1,2.21,2.4,1.1,yoshima01
Matt Shoemaker,ROY-2,2014,27,LAA,AL,16,4,0.8,3.04,136,543,118,3.26,1.074,8.1,0.9,1.6,8.2,5.17,2.4,1.2,shoemma01
Jeff Niemann,ROY-4,2009,26,TBR,AL,13,6,0.684,3.94,180.2,769,110,4.07,1.351,9.2,0.8,2.9,6.2,2.12,2.4,0.7,niemaje01
Noah Syndergaard,ROY-4,2015,22,NYM,NL,9,7,0.563,3.24,150,603,117,3.25,1.047,7.6,1.1,1.9,10,5.35,2.4,1.2,syndeno01
Jameson Taillon,,2016,24,PIT,NL,5,4,0.556,3.38,104,418,123,3.71,1.115,8.6,1.1,1.5,7.4,5,2.4,1.6,taillja01
Reid Detmers,,2022,22,LAA,AL,7,6,0.538,3.77,129,539,106,3.79,1.209,7.7,0.9,3.2,8.5,2.65,2.4,1.3,detmere01
Tobias Myers,,2024,25,MIL,NL,8,5,0.615,3.07,126,517,137,4.11,1.175,8.2,1.3,2.4,8.2,3.48,2.4,1.3,myersto01
Rick Porcello,ROY-3,2009,20,DET,AL,14,9,0.609,3.96,170.2,720,114,4.77,1.336,9.3,1.2,2.7,4.7,1.71,2.4,0.8,porceri01
Kris Benson,ROY-4,1999,24,PIT,NL,11,14,0.44,4.07,196.2,840,113,4.14,1.358,8.4,0.7,3.8,6.4,1.67,2.4,0.8,bensokr01
Joe Ryan,,2022,26,MIN,AL,13,8,0.619,3.55,147,604,110,3.99,1.102,7,1.2,2.9,9.2,3.21,2.4,1.1,ryanjo04
Adam Eaton,,2000,22,SDP,NL,7,4,0.636,4.13,135,583,103,4.55,1.444,8.9,0.9,4.1,6,1.48,2.3,1.3,eatonad01
Jerome Williams,,2003,21,SFG,NL,7,5,0.583,3.3,131,545,128,3.96,1.26,8,0.7,3.4,6,1.8,2.3,1.3,willije01
Steve Cooke,ROY-11,1993,23,PIT,NL,10,10,0.5,3.89,210.2,882,103,3.98,1.263,8.8,0.9,2.5,5.6,2.24,2.3,0.7,cookest01
Chien-Ming Wang,,2005,25,NYY,AL,8,5,0.615,4.02,116.1,486,105,4.2,1.246,8.7,0.7,2.5,3.6,1.47,2.3,1.2,wangch01
Nick Blackburn,ROY-8,2008,26,MIN,AL,11,11,0.5,4.05,193.1,823,103,4.4,1.36,10.4,1.1,1.8,4.5,2.46,2.3,0.5,blackni01
Jim Wright,,1978,27,BOS,AL,8,4,0.667,3.57,116,480,117,3.32,1.259,9.5,0.6,1.9,4.3,2.33,2.3,1.3,wrighji02
Cole Hamels,,2006,22,PHI,NL,9,8,0.529,4.08,132.1,558,115,3.98,1.247,8,1.3,3.3,9.9,3.02,2.3,1.3,hamelco01
Jason Dickson,ROY-3,1997,24,ANA,AL,13,9,0.591,4.29,203.2,888,109,4.95,1.434,10.4,1.4,2.5,5.1,2.05,2.3,0.3,dicksja01
√Ångel Miranda,,1993,23,MIL,AL,4,5,0.444,3.3,120,502,129,4.17,1.267,7.5,0.9,3.9,6.6,1.69,2.3,1.1,miranan01
Jose Quintana,,2012,23,CHW,AL,6,6,0.5,3.76,136.1,568,113,4.23,1.35,9.4,0.9,2.8,5.3,1.93,2.3,1,quintjo01
Bob Tewksbury,,1986,25,NYY,AL,9,5,0.643,3.31,130.1,558,124,3.65,1.343,9.9,0.6,2.1,3.4,1.58,2.3,1.1,tewksbo01
Clay Hensley,,2006,26,SDP,NL,11,12,0.478,3.71,187,787,109,4.15,1.337,8.4,0.7,3.7,5.9,1.61,2.3,0.8,henslcl01
Tim Lincecum,,2007,23,SFG,NL,7,5,0.583,4,146.1,618,112,3.63,1.278,7.5,0.7,4,9.2,2.31,2.3,1.1,linceti01
David Williams,,2001,22,PIT,NL,3,7,0.3,3.71,114,472,123,5.13,1.272,7.9,1.2,3.6,4.5,1.27,2.3,1.4,willida07
Scott Karl,,1995,23,MIL,AL,6,7,0.462,4.14,124,548,120,4.48,1.54,10.2,0.7,3.6,4.3,1.18,2.3,1.1,karlsc01
Mark Thurmond,ROY-9,1983,26,SDP,NL,7,3,0.7,2.65,115.1,466,133,3.6,1.188,8.1,0.5,2.6,3.8,1.48,2.3,1.2,thurmma01
Jerry Ujdur,,1982,25,DET,AL,10,10,0.5,3.69,178,732,110,5.08,1.23,7.6,1.5,3.5,4.3,1.25,2.3,0.7,ujdurje01
Brett Anderson,ROY-6,2009,21,OAK,AL,11,11,0.5,4.06,175.1,735,108,3.69,1.283,9.2,1,2.3,7.7,3.33,2.3,0.6,anderbr04
Ricky Romero,,2009,24,TOR,AL,13,9,0.591,4.3,178,771,103,4.33,1.522,9.7,0.9,4,7.1,1.78,2.3,0.6,romerri01
John D'Acquisto,,1974,22,SFG,NL,12,14,0.462,3.77,215,936,101,3.62,1.423,7.6,0.5,5.2,7,1.35,2.2,0.4,d'acqjo01
Scott Olsen,ROY-9,2006,22,FLA,NL,12,10,0.545,4.04,180.2,761,107,4.33,1.301,8,1.1,3.7,8.3,2.21,2.2,0.8,olsensc01
Kyle Kendrick,ROY-5,2007,22,PHI,NL,10,4,0.714,3.87,121,499,118,4.94,1.273,9.6,1.2,1.9,3.6,1.96,2.2,1.3,kendrky01
Les Straker,,1987,27,MIN,AL,8,10,0.444,4.37,154.1,656,106,5.09,1.354,8.7,1.4,3.4,4.4,1.29,2.2,0.8,strakle01
Jair Jurrjens,ROY-3,2008,22,ATL,NL,13,10,0.565,3.68,188.1,813,113,3.59,1.37,9,0.5,3.3,6.6,1.99,2.2,0.7,jurrjja01
Zach Day,,2003,25,MON,NL,9,8,0.529,4.18,131.1,580,108,4.47,1.454,9,0.5,4,4.2,1.03,2.2,1.1,dayza01
Yovani Gallardo,,2007,21,MIL,NL,9,5,0.643,3.67,110.1,466,121,3.41,1.269,8.4,0.7,3,8.2,2.73,2.2,1.3,gallayo01
T.J. House,,2014,24,CLE,AL,5,3,0.625,3.35,102,429,117,3.69,1.324,10,0.9,1.9,7.1,3.64,2.2,1.3,housetj01
Rick Langford,,1977,25,OAK,AL,8,19,0.296,4.02,208.1,901,100,3.59,1.421,9.6,0.8,3.2,6.1,1.93,2.2,0.2,langfri01
Vern Ruhle,,1975,24,DET,AL,11,12,0.478,4.03,190,830,99,4.18,1.389,9.4,0.8,3.1,3.2,1.03,2.2,0.4,ruhleve01
Ryan Rupe,,1999,24,TBD,AL,8,9,0.471,4.55,142.1,614,108,4.78,1.356,8.6,1.1,3.6,6.1,1.7,2.2,0.8,rupery01
Michael Pineda,ROY-5,2011,22,SEA,AL,9,10,0.474,3.74,171,696,101,3.42,1.099,7,0.9,2.9,9.1,3.15,2.2,0.5,pinedmi01
Willie Fraser,,1987,23,CAL,AL,10,10,0.5,3.92,176.2,744,111,4.76,1.262,8.2,1.3,3.2,5.4,1.68,2.1,0.6,frasewi01
Chuck James,,2006,24,ATL,NL,11,4,0.733,3.78,119,504,118,5.14,1.244,7.6,1.5,3.6,6.9,1.94,2.1,1.2,jamesch03
Dakota Hudson,ROY-5,2019,24,STL,NL,16,7,0.696,3.35,174.2,757,125,4.93,1.408,8.2,1.1,4.4,7,1.58,2.1,0.7,hudsoda02
Zach Davies,,2016,23,MIL,NL,11,7,0.611,3.97,163.1,682,107,3.89,1.249,9.1,1.1,2.1,7.4,3.55,2.1,0.8,davieza02
Jaime Navarro,,1989,22,MIL,AL,7,8,0.467,3.12,109.2,470,124,3.36,1.377,9.8,0.5,2.6,4.6,1.75,2.1,1.1,navarja01
Dennis Blair,,1974,20,MON,NL,11,7,0.611,3.27,146,623,118,3.74,1.267,7,0.4,4.4,4.7,1.06,2.1,0.9,blairde01
John Burkett,ROY-4,1990,25,SFG,NL,14,7,0.667,3.79,204,857,96,3.75,1.284,8.9,0.8,2.7,5.2,1.93,2.1,0.4,burkejo03
Mark Gardner,,1990,28,MON,NL,7,9,0.438,3.42,152.2,642,107,3.52,1.245,7.6,0.8,3.6,8,2.21,2.1,0.8,gardnma01
Brian Kingman,,1979,25,OAK,AL,8,7,0.533,4.31,112.2,481,94,3.81,1.296,9,0.8,2.6,4.6,1.76,2.1,1,kingmbr01
Bobby Miller,,2023,24,LAD,NL,11,4,0.733,3.76,124.1,505,116,3.51,1.102,7.6,0.9,2.3,8.6,3.72,2.1,1,millebo06
Simeon Woods Richardson,,2024,23,MIN,AL,5,5,0.5,4.08,128,540,103,4.04,1.25,8,1,3.2,7.7,2.37,2.1,0.9,woodssi01
Jason Jennings,ROY-1,2002,23,COL,NL,16,8,0.667,4.52,185.1,808,106,4.68,1.462,9.8,1.3,3.4,6.2,1.81,2.1,0.6,jennija01
Paul Maholm,,2006,24,PIT,NL,8,10,0.444,4.76,176,788,94,4.81,1.608,10.3,1,4.1,6,1.44,2.1,0.7,maholpa01
Lance McCullers Jr.,,2015,21,HOU,AL,6,7,0.462,3.22,125.2,520,121,3.26,1.186,7.6,0.7,3.1,9.2,3,2.1,0.9,mcculla02
Tony Cingrani,,2013,23,CIN,NL,7,4,0.636,2.92,104.2,420,130,3.78,1.099,6.2,1.2,3.7,10.3,2.79,2,1.2,cingrto01
Chris Archer,ROY-3,2013,24,TBR,AL,9,7,0.563,3.22,128.2,525,120,4.07,1.127,7.5,1,2.7,7.1,2.66,2,0.9,archech01
Jared Jones,,2024,22,PIT,NL,6,7,0.462,3.82,108.1,440,110,3.97,1.108,7.4,1.3,2.6,9.6,3.71,2,1.1,jonesja09
Tommy Milone,,2012,25,OAK,AL,13,10,0.565,3.74,190,791,104,3.93,1.279,9.8,1.1,1.7,6.5,3.81,2,0.2,milonto01
Lee Tunnell,ROY-9,1983,22,PIT,NL,11,6,0.647,3.65,177.2,731,102,3.8,1.266,8.5,0.8,2.9,4.8,1.64,2,0.5,tunnele01
Eric Milton,,1998,22,MIN,AL,8,14,0.364,5.64,172.1,772,84,5.04,1.538,10.2,1.3,3.7,5.6,1.53,2,0.3,miltoer01
Damian Moss,ROY-5,2002,25,ATL,NL,12,6,0.667,3.42,179,743,122,4.77,1.279,7,1,4.5,5.6,1.25,2,0.6,mossda01
Hunter Greene,,2022,22,CIN,NL,5,13,0.278,4.44,125.2,531,98,4.37,1.21,7.4,1.7,3.4,11.7,3.42,2,0.9,greenhu01
Jon Gray,ROY-6,2016,24,COL,NL,10,10,0.5,4.61,168,712,105,3.6,1.262,8.2,1,3.2,9.9,3.14,2,0.6,grayjo02
Kenshin Kawakami,,2009,34,ATL,NL,7,12,0.368,3.86,156.1,669,107,4.21,1.343,8.8,0.9,3.3,6,1.84,2,0.8,kawakke01
Mike Krukow,,1977,25,CHC,NL,8,14,0.364,4.4,172,767,100,3.83,1.488,10.2,0.8,3.2,5.5,1.74,2,0.6,krukomi01
Greg Smith,,2008,24,OAK,AL,7,16,0.304,4.16,190.1,800,99,4.82,1.345,8,1,4.1,5.2,1.28,2,0.2,smithgr02
Tyler Matzek,,2014,23,COL,NL,6,11,0.353,4.05,117.2,503,105,3.78,1.394,9.2,0.7,3.4,7,2.07,2,1,matzety01
Trevor Bauer,,2014,23,CLE,AL,5,8,0.385,4.18,153,663,94,4.01,1.379,8.9,0.9,3.5,8.4,2.38,1.9,0.6,bauertr01
John Dopson,,1988,24,MON,NL,3,11,0.214,3.04,168.2,704,118,3.78,1.233,8,0.8,3.1,5.4,1.74,1.9,0.5,dopsojo01
Nate Karns,,2015,27,TBR,AL,7,5,0.583,3.67,147,621,106,4.09,1.279,8.1,1.2,3.4,8.9,2.59,1.9,0.6,karnsna01
Gavin Stone,,2024,25,LAD,NL,11,5,0.688,3.53,140.1,580,112,4.02,1.211,8.5,1.2,2.4,7.4,3.14,1.9,0.7,stonega01
Josh Collmenter,ROY-5,2011,25,ARI,NL,10,10,0.5,3.38,154.1,621,117,3.8,1.069,8,1,1.6,5.8,3.57,1.9,0.7,collmjo01
Miguel Asencio,,2002,21,KCR,AL,4,7,0.364,5.11,123.1,557,97,5.44,1.622,9.9,1.2,4.7,4.2,0.91,1.9,0.8,asencmi01
Don Wengert,,1996,26,OAK,AL,7,11,0.389,5.58,161.1,725,92,5.81,1.612,11.2,1.6,3.3,4.2,1.25,1.9,0.4,wengedo01
Andrew Heaney,,2015,24,LAA,AL,6,4,0.6,3.49,105.2,438,108,3.73,1.202,8.4,0.8,2.4,6.6,2.79,1.9,0.9,heanean01
Guillermo Moscoso,,2011,27,OAK,AL,8,10,0.444,3.38,128,526,119,4.23,1.094,7.2,1,2.7,5.2,1.95,1.9,0.7,moscogu01
Walt Terrell,,1983,25,NYM,NL,8,8,0.5,3.57,133.2,561,102,3.83,1.332,8.3,0.5,3.7,4,1.07,1.9,0.7,terrewa01
Ren√© Arocha,,1993,29,STL,NL,11,8,0.579,3.78,188,774,104,3.89,1.213,9.4,1,1.5,4.6,3.1,1.9,0.4,arochre01
Parker Bridwell,,2017,25,LAA,AL,10,3,0.769,3.64,121,492,117,4.84,1.198,8.6,1.4,2.2,5.4,2.43,1.9,0.8,bridwpa01
Ron Darling,ROY-5,1984,23,NYM,NL,12,9,0.571,3.81,205.2,884,94,4.11,1.376,7.8,0.7,4.6,6,1.31,1.9,0.1,darliro01
Moose Haas,,1977,21,MIL,AL,10,12,0.455,4.33,197.2,844,94,4.28,1.411,8.9,1,3.8,5.1,1.35,1.9,0,haasmo01
Zach Plesac,,2019,24,CLE,AL,8,6,0.571,3.81,115.2,475,124,4.94,1.228,7.9,1.5,3.1,6.8,2.2,1.9,0.8,plesaza01
Gary Serum,,1978,21,MIN,AL,9,9,0.5,4.1,184.1,774,94,3.47,1.259,9.2,0.7,2.1,3.9,1.82,1.9,0.2,serumga01
Mitch Spence,,2024,26,OAK,AL,7,9,0.438,4.33,137.1,584,92,4.1,1.347,9.4,1.1,2.7,7.4,2.76,1.9,0.7,spencmi01
Carlos Hern√°ndez,,2002,22,HOU,NL,7,5,0.583,4.38,111,495,99,4.3,1.559,9.1,0.9,4.9,7.5,1.52,1.8,1,hernaca03
Tommy Hunter,,2009,22,TEX,AL,9,6,0.6,4.1,112,475,114,4.4,1.304,9.1,1,2.7,5.1,1.94,1.8,0.8,hunteto02
Roger Clemens,ROY-6,1984,21,BOS,AL,9,4,0.692,4.32,133.1,575,97,2.84,1.313,9.9,0.9,2,8.5,4.34,1.8,0.7,clemero02
Brian Tollberg,,2000,27,SDP,NL,4,5,0.444,3.58,118,506,119,4.3,1.364,9.6,1,2.7,5.8,2.17,1.8,0.9,tollbbr01
Trevor Williams,,2017,25,PIT,NL,7,9,0.438,4.07,150.1,642,105,4.03,1.31,8.7,0.8,3.1,7,2.25,1.8,0.6,willitr01
Marcus Stroman,,2014,23,TOR,AL,11,6,0.647,3.65,130.2,534,104,2.84,1.171,8.6,0.5,1.9,7.6,3.96,1.8,0.7,stromma01
Todd Burns,,1988,24,OAK,AL,8,2,0.8,3.16,102.2,425,121,3.69,1.237,8.2,0.7,3,5,1.68,1.8,0.9,burnsto02
Shawn Chac√≥n,,2001,23,COL,NL,6,10,0.375,5.06,160,711,105,5.31,1.525,8.8,1.5,4.9,7.5,1.54,1.8,0.5,chacosh01
Claudio Vargas,,2003,25,MON,NL,6,8,0.429,4.34,114,492,104,5.03,1.333,8.8,1.3,3.2,4.9,1.51,1.8,0.9,vargacl01
Shane McClanahan,ROY-7,2021,24,TBR,AL,10,6,0.625,3.43,123.1,517,118,3.31,1.273,8.8,1,2.7,10.3,3.81,1.8,0.7,mcclash01
Bill Wegman,,1986,23,MIL,AL,5,12,0.294,5.13,198.1,836,85,4.8,1.311,9.8,1.5,2,3.7,1.91,1.8,0,wegmabi01
Vladimir Gutierrez,ROY-8,2021,25,CIN,NL,9,6,0.6,4.74,114,496,99,5.22,1.412,9.1,1.6,3.6,6.9,1.91,1.8,0.8,gutievl01
Mike Fiers,,2012,27,MIL,NL,9,10,0.474,3.74,127.2,539,110,3.09,1.261,8.8,0.8,2.5,9.5,3.75,1.7,0.7,fiersmi01
Tarik Skubal,,2021,24,DET,AL,8,12,0.4,4.34,149.1,634,98,5.09,1.259,8.5,2.1,2.8,9.9,3.49,1.7,0.4,skubata01
Lary Sorensen,,1977,21,MIL,AL,7,10,0.412,4.36,142.1,594,94,3.63,1.286,9.3,0.6,2.3,3.6,1.58,1.7,0.4,sorenla01
Jorge Campillo,,2008,29,ATL,NL,8,7,0.533,3.91,158.2,655,107,4,1.235,9,1,2.2,6.1,2.82,1.7,0.5,campijo01
Mike Maroth,,2002,24,DET,AL,6,10,0.375,4.48,128.2,538,95,3.65,1.337,9.5,0.5,2.5,4.1,1.61,1.7,0.5,marotmi01
Chris Sampson,,2007,29,HOU,NL,7,8,0.467,4.59,121.2,522,97,5.45,1.381,10.2,1.5,2.2,3.8,1.7,1.7,0.8,sampsch01
Joe Kennedy,,2001,22,TBD,AL,7,8,0.467,4.44,117.2,498,100,4.43,1.326,9.3,1.2,2.6,6,2.29,1.7,0.5,kennejo04
Chuck Rainey,,1979,24,BOS,AL,8,5,0.615,3.82,103.2,437,117,4.09,1.331,8.4,0.6,3.6,3.6,1,1.7,0.7,rainech01
Spencer Schwellenbach,,2024,24,ATL,NL,6,7,0.462,3.73,103.2,424,111,3.35,1.1,8.2,1.1,1.7,9.8,5.65,1.7,0.8,schwesp01
Denny Stark,ROY-9,2002,27,COL,NL,11,4,0.733,4,128.1,554,120,6.11,1.34,7.6,1.8,4.5,4.5,1,1.7,0.7,starkde01
John Stuper,,1982,25,STL,NL,9,7,0.563,3.36,136.2,578,109,3.91,1.405,9,0.5,3.6,3.5,0.96,1.7,0.5,stupejo01
Bill Pulsipher,,1995,21,NYM,NL,5,7,0.417,3.98,126.2,530,101,4.11,1.318,8.7,0.8,3.2,5.8,1.8,1.7,0.7,pulsibi01
James Shields,,2006,24,TBD,AL,6,8,0.429,4.84,124.2,540,95,4.39,1.436,10.2,1.3,2.7,7.5,2.74,1.7,0.5,shielja02
Trevor Cahill,,2009,21,OAK,AL,10,13,0.435,4.63,178.2,773,95,5.33,1.438,9.3,1.4,3.6,4.5,1.25,1.7,0,cahiltr01
Richard Dotson,ROY-7,1980,21,CHW,AL,12,10,0.545,4.27,198,863,95,4.37,1.374,8.4,0.9,4,5,1.25,1.7,-0.1,dotsori01
Micah Owings,,2007,24,ARI,NL,8,8,0.5,4.3,152.2,651,111,4.81,1.284,8.6,1.2,2.9,6.2,2.12,1.7,0.5,owingmi01
Jos√© Bautista,,1988,23,BAL,AL,6,15,0.286,4.3,171.2,721,91,4.38,1.258,9,1.1,2.4,4,1.69,1.6,0.2,bautijo01
Jonathan Cannon,,2024,23,CHW,AL,3,10,0.231,4.56,106.2,455,91,4.66,1.397,9.7,1.3,2.9,6.2,2.18,1.6,0.7,cannojo02
Mark Gubicza,ROY-7,1984,21,KCR,AL,10,14,0.417,4.05,189,800,99,3.76,1.307,8.2,0.6,3.6,5.3,1.48,1.6,0,gubicma01
Chris Heston,,2015,27,SFG,NL,12,11,0.522,3.95,177.2,746,97,4.02,1.311,8.6,0.8,3.2,7.1,2.2,1.6,0.2,hestoch01
Robbie Ray,,2015,23,ARI,NL,5,12,0.294,3.52,127.2,545,117,3.53,1.332,8.5,0.6,3.5,8.4,2.43,1.6,0.6,rayro02
Jim Deshaies,ROY-7,1986,26,HOU,NL,12,5,0.706,3.25,144,599,110,3.71,1.271,7.8,1,3.7,8,2.17,1.6,0.3,deshaji01
Pete Falcone,,1975,21,SFG,NL,12,11,0.522,4.17,190,836,92,4.12,1.484,8.1,0.8,5.3,6.2,1.18,1.6,0,falcope01
Taylor Jungmann,,2015,25,MIL,NL,9,8,0.529,3.77,119.1,501,105,3.92,1.282,8,0.8,3.5,8.1,2.28,1.6,0.6,jungmta01
Brad Radke,ROY-9,1995,22,MIN,AL,11,14,0.44,5.32,181,772,91,5.42,1.337,9.7,1.6,2.3,3.7,1.6,1.6,-0.1,radkebr01
Carlos Rod√≥n,,2015,22,CHW,AL,9,6,0.6,3.75,139.1,607,104,3.87,1.443,8.4,0.7,4.6,9,1.96,1.6,0.3,rodonca01
Ray Bare,,1975,26,DET,AL,8,13,0.381,4.48,150.2,654,89,3.46,1.467,10.4,0.6,2.8,4.2,1.51,1.6,0.2,barera01
Clay Parker,,1989,26,NYY,AL,4,5,0.444,3.68,120,507,106,4,1.283,9.2,0.9,2.3,4,1.71,1.6,0.5,parkecl01
Josh Towers,,2001,24,BAL,AL,8,10,0.444,4.49,140.1,586,96,4.64,1.29,10.6,1.3,1,3.7,3.63,1.6,0.2,towerjo01
Steve Woodard,,1998,23,MIL,NL,10,12,0.455,4.18,165.2,692,103,3.76,1.225,9.2,1,1.8,7.3,4.09,1.6,0.3,woodast01
Logan Allen,,2023,24,CLE,AL,7,8,0.467,3.81,125.1,537,113,4.19,1.396,9.1,1.1,3.4,8.5,2.48,1.6,0.5,allenlo02
Dan Schatzeder,,1978,23,MON,NL,7,7,0.5,3.07,143.2,586,115,3.99,1.225,6.8,0.6,4.3,4.3,1.01,1.6,0.4,schatda01
Brandon Williamson,,2023,25,CIN,NL,5,5,0.5,4.46,117,491,103,4.63,1.282,8.5,1.4,3,7.5,2.51,1.6,0.6,willibr02
Brandon Beachy,,2011,24,ATL,NL,7,3,0.7,3.68,141.2,591,104,3.19,1.207,7.9,1,2.9,10.7,3.67,1.6,0.5,beachbr01
Doug Drabek,,1986,23,NYY,AL,7,8,0.467,4.1,131.2,561,100,4.11,1.337,8.6,0.9,3.4,5.2,1.52,1.6,0.4,drabedo01
Josh Fogg,ROY-7,2002,25,PIT,NL,12,12,0.5,4.35,194.1,832,98,4.86,1.379,9.2,1.3,3.2,5.2,1.64,1.6,0,foggjo01
Mart√≠n P√©rez,ROY-6,2013,22,TEX,AL,10,6,0.625,3.62,124.1,529,114,4.23,1.335,9.3,1.1,2.7,6.1,2.27,1.6,0.4,perezma02
Bob Forsch,,1974,24,STL,NL,7,4,0.636,2.97,100,408,122,3.5,1.18,7.6,0.5,3.1,3.5,1.15,1.6,0.7,forscbo01
Hip√≥lito Pichardo,,1992,22,KCR,AL,9,6,0.6,3.95,143.2,615,102,3.86,1.371,9.3,0.6,3.1,3.7,1.2,1.6,0.2,pichahi01
Ty Blach,,2017,26,SFG,NL,8,12,0.4,4.78,163.2,692,89,4.42,1.356,9.8,0.9,2.4,4,1.7,1.5,0.2,blachty01
J.P. France,,2023,28,HOU,AL,11,6,0.647,3.83,136.1,581,110,4.66,1.357,9.1,1.3,3.1,6.7,2.15,1.5,0.4,francjp01
Rick Aguilera,,1985,23,NYM,NL,10,7,0.588,3.24,122.1,507,108,3.28,1.267,8.7,0.6,2.7,5.4,2,1.5,0.5,aguilri01
Omar Olivares,,1991,23,STL,NL,11,7,0.611,3.71,167.1,688,100,3.96,1.249,8,0.7,3.3,4.9,1.49,1.5,0.2,olivaom01
Reese Olson,,2023,23,DET,AL,5,7,0.417,3.99,103.2,422,109,4.01,1.119,7.2,1.2,2.9,8.9,3.12,1.5,0.6,olsonre01
Clayton Richard,,2009,25,CHWSDP,ALNL,9,5,0.643,4.41,153,663,98,4.5,1.471,9.1,1,4.2,6.7,1.61,1.5,0.1,richacl01
Doug Brocail,,1993,26,SDP,NL,4,13,0.235,4.56,128.1,571,91,4.59,1.442,10,1.1,2.9,4.9,1.67,1.5,0.5,brocado01
John Candelaria,,1975,21,PIT,NL,8,6,0.571,2.76,120.2,497,128,2.82,1.086,7.1,0.6,2.7,7.1,2.64,1.5,0.5,candejo01
Les Lancaster,ROY-6,1987,25,CHC,NL,8,3,0.727,4.9,132.1,578,87,4.25,1.428,9.4,1,3.5,5.3,1.53,1.5,0.3,lancale01
Clayton Kershaw,,2008,20,LAD,NL,5,5,0.5,4.26,107.2,470,98,4.08,1.495,9.1,0.9,4.3,8.4,1.92,1.5,0.6,kershcl01
Dan Straily,ROY-4,2013,24,OAK,AL,10,8,0.556,3.96,152.1,640,98,4.05,1.241,7.8,0.9,3.4,7.3,2.18,1.5,0.1,straida01
Joe McIntosh,,1975,23,SDP,NL,8,15,0.348,3.69,183,789,95,3.82,1.393,9.6,0.7,3,3.5,1.18,1.5,-0.1,mcintjo01
Joey Estes,,2024,22,OAK,AL,7,7,0.5,4.36,117.2,487,91,4.48,1.13,8.3,1.4,1.8,6.7,3.67,1.4,0.4,estesjo01
Brian Holman,,1988,23,MON,NL,4,8,0.333,3.23,100.1,422,112,3.02,1.346,9.1,0.3,3,5.2,1.71,1.4,0.6,holmabr01
James Kaprielian,,2021,27,OAK,AL,8,5,0.615,4.07,119.1,502,101,4.33,1.223,7.9,1.4,3.1,9.3,3,1.4,0.4,kaprija01
Nathan Eovaldi,,2012,22,LADMIA,NL,4,13,0.235,4.3,119.1,526,92,4.13,1.508,10,0.8,3.5,5.9,1.66,1.4,0.5,eovalna01
Sean Newcomb,,2017,24,ATL,NL,4,9,0.308,4.32,100,456,101,4.19,1.57,9,0.9,5.1,9.7,1.89,1.4,0.6,newcose01
Gerrit Cole,,2013,22,PIT,NL,10,7,0.588,3.22,117.1,469,111,2.91,1.168,8.4,0.5,2.1,7.7,3.57,1.4,0.5,colege01
Johnny Cueto,,2008,22,CIN,NL,9,14,0.391,4.81,174,769,91,4.9,1.414,9.2,1.5,3.5,8.2,2.32,1.4,0.1,cuetojo01
Bill Long,,1987,27,CHW,AL,8,8,0.5,4.37,169,699,106,4.11,1.225,9.5,1.1,1.5,3.8,2.57,1.4,-0.1,longbi01
Dave Stieb,,1979,21,TOR,AL,8,8,0.5,4.31,129.1,563,100,4.24,1.446,9.7,0.8,3.3,3.6,1.08,1.4,0.2,stiebda01
Vic Albury,,1974,27,MIN,AL,8,9,0.471,4.12,164,707,92,4.62,1.457,8.7,1,4.4,4.7,1.06,1.4,-0.1,alburvi01
Lance Davis,,2001,24,CIN,NL,8,4,0.667,4.74,106.1,461,97,4.51,1.486,10.5,1,2.9,4.5,1.56,1.4,0.5,davisla01
Atlee Hammaker,,1982,24,SFG,NL,12,8,0.6,4.11,175,725,87,3.25,1.24,9.7,0.8,1.4,5.2,3.64,1.4,-0.2,hammaat01
George Kirby,ROY-6,2022,24,SEA,AL,8,5,0.615,3.39,130,542,109,2.99,1.208,9.3,0.9,1.5,9.2,6.05,1.4,0.3,kirbyge01
Mark Bomback,,1980,27,NYM,NL,10,8,0.556,4.09,162.2,710,87,4.25,1.475,10.6,0.9,2.7,3.8,1.39,1.4,-0.1,bombama01
Wade Davis,ROY-4,2010,24,TBR,AL,12,10,0.545,4.07,168,722,96,4.79,1.351,8.8,1.3,3.3,6.1,1.82,1.4,-0.3,daviswa01
Geremi Gonz√°lez,ROY-9,1997,22,CHC,NL,11,9,0.55,4.25,144,613,101,4.74,1.354,7.9,1,4.3,5.8,1.35,1.3,0.2,gonzaje01
Jim Gott,,1982,22,TOR,AL,5,10,0.333,4.43,136,600,102,4.47,1.471,8.9,1,4.4,5.4,1.24,1.3,0.1,gottji01
Dave Mlicki,,1995,27,NYM,NL,9,7,0.563,4.26,160.2,696,95,4.52,1.332,9,1.3,3,6.9,2.28,1.3,0.1,mlickda01
Anthony DeSclafani,,2015,25,CIN,NL,9,13,0.409,4.05,184.2,785,98,3.67,1.348,9.5,0.8,2.7,7.4,2.75,1.3,-0.2,desclan01
Glen Perkins,,2008,25,MIN,AL,12,4,0.75,4.41,151,661,95,5.14,1.47,10.9,1.5,2.3,4.4,1.9,1.3,-0.1,perkigl01
Horacio Ram√≠rez,,2003,23,ATL,NL,12,4,0.75,4,182.1,781,107,4.71,1.388,8.9,1,3.6,4.9,1.39,1.3,-0.1,ramirho01
Jake Odorizzi,ROY-8,2014,24,TBR,AL,11,13,0.458,4.13,168,719,90,3.75,1.28,8.4,1.1,3.2,9.3,2.95,1.3,-0.2,odorija01
Dan Spillner,,1974,22,SDP,NL,9,11,0.45,4.01,148,652,89,4.03,1.507,9.3,0.9,4.3,5.8,1.36,1.3,0.1,spillda01
Boof Bonser,,2006,24,MIN,AL,7,6,0.538,4.22,100.1,419,106,4.55,1.276,9.3,1.6,2.2,7.5,3.5,1.3,0.3,bonsebo01
Matt Moore,,2012,23,TBR,AL,11,11,0.5,3.81,177.1,759,101,3.93,1.348,8,0.9,4.1,8.9,2.16,1.3,-0.4,moorema02
Archie Bradley,,2016,23,ARI,NL,8,9,0.471,5.02,141.2,638,89,4.1,1.56,9.8,1,4.3,9.1,2.13,1.3,0.1,bradlar01
Rocky Coppinger,ROY-4,1996,22,BAL,AL,10,6,0.625,5.18,125,548,96,5.6,1.488,9.1,1.8,4.3,7.5,1.73,1.3,0.1,coppiro01
Travis Wood,,2010,23,CIN,NL,5,4,0.556,3.51,102.2,419,116,3.42,1.081,7.5,0.8,2.3,7.5,3.31,1.3,0.5,woodtr01
Joaqu√≠n And√∫jar,,1976,23,HOU,NL,9,10,0.474,3.6,172.1,729,89,3.87,1.381,8.5,0.4,3.9,3.1,0.79,1.3,-0.2,andujjo01
David Buchanan,,2014,25,PHI,NL,6,8,0.429,3.75,117.2,503,100,4.27,1.292,9.2,0.9,2.4,5.4,2.22,1.3,0.3,buchada01
Daniel Cabrera,ROY-3,2004,23,BAL,AL,12,8,0.6,5,147.2,662,91,5.1,1.585,8.8,0.9,5.4,4.6,0.85,1.3,-0.2,cabreda01
Mike Witt,ROY-5,1981,20,CAL,AL,8,9,0.471,3.28,129,555,111,3.69,1.318,8.6,0.6,3.3,5.2,1.6,1.3,0.1,wittmi01
Chris Holt,,1997,25,HOU,NL,8,12,0.4,3.52,209.2,883,114,4.24,1.297,9.1,0.7,2.6,4.1,1.56,1.2,-0.4,holtch01
Freddie Mart√≠nez,,1980,23,CAL,AL,7,9,0.438,4.52,149.1,649,87,4.41,1.4,9,0.8,3.6,3.4,0.97,1.2,-0.1,martial02
Wade Miller,,2000,23,HOU,NL,6,6,0.5,5.14,105,453,97,4.46,1.39,8.9,1.2,3.6,7.6,2.12,1.2,0.4,millewa04
Jonathan Pettibone,,2013,22,PHI,NL,5,4,0.556,4.04,100.1,437,93,4.18,1.465,9.8,0.8,3.4,5.9,1.74,1.2,0.4,pettijo02
Marty Clary,,1989,27,ATL,NL,4,3,0.571,3.15,108.2,452,115,3.81,1.233,8.5,0.5,2.6,2.5,0.97,1.2,0.4,claryma01
Mark Davis,,1983,22,SFG,NL,6,4,0.6,3.49,111,469,103,4.33,1.288,7.5,1.1,4.1,6.7,1.66,1.2,0.2,davisma01
Paul Moskau,,1977,23,CIN,NL,6,6,0.5,4,108,467,98,3.77,1.444,9.7,0.8,3.3,5.9,1.78,1.2,0.4,moskapa01
Bob Shirley,,1977,23,SDP,NL,12,18,0.4,3.7,214,948,96,4.17,1.472,9,0.9,4.2,6.1,1.46,1.2,-0.5,shirlbo01
Kevin Gausman,,2014,23,BAL,AL,7,7,0.5,3.57,113.1,476,110,3.41,1.315,8.8,0.6,3,7,2.32,1.2,0.2,gausmke01
Bryce Miller,,2023,24,SEA,AL,8,7,0.533,4.32,131.1,537,91,3.98,1.142,8.5,1.2,1.8,8.2,4.58,1.2,0.1,millebr04
Trent Thornton,,2019,25,TOR,AL,6,9,0.4,4.84,154.1,677,94,4.59,1.406,9.1,1.4,3.6,8.7,2.44,1.2,-0.2,thorntr01
Merrill Kelly,,2019,30,ARI,NL,13,14,0.481,4.42,183.1,777,101,4.51,1.315,9,1.4,2.8,7.8,2.77,1.2,-0.3,kellyme01
Zack Wheeler,,2013,23,NYM,NL,7,5,0.583,3.42,100,431,104,4.17,1.36,8.1,0.9,4.1,7.6,1.83,1.2,0.4,wheelza01
Pat Darcy,,1975,25,CIN,NL,11,5,0.688,3.58,130.2,572,101,3.64,1.477,9.2,0.3,4.1,3.2,0.78,1.1,0,darcypa01
Dave Otto,,1991,26,CLE,AL,2,8,0.2,4.23,100,425,99,3.76,1.35,9.7,0.6,2.4,4.2,1.74,1.1,0.3,ottoda01
John Danks,,2007,22,CHW,AL,6,13,0.316,5.5,139,622,86,5.54,1.54,10.4,1.8,3.5,7.1,2.02,1.1,-0.2,danksjo01
Greg Mathews,,1986,24,STL,NL,11,8,0.579,3.65,145.1,591,100,4.14,1.259,8.6,0.9,2.7,4.1,1.52,1.1,-0.2,mathegr01
Kendall Graveman,,2015,24,OAK,AL,6,9,0.4,4.05,115.2,502,97,4.6,1.418,9.8,1.2,3,6,2.03,1.1,0,graveke01
Bob Sykes,,1977,22,DET,AL,5,7,0.417,4.41,132.2,585,97,4.51,1.44,9.6,1,3.4,3.9,1.16,1.1,-0.1,sykesbo01
Dennis Cook,,1989,26,PHISFG,NL,7,8,0.467,3.72,121,499,95,4.58,1.223,8.2,1.3,2.8,5,1.76,1.1,0.2,cookde01
Shane Bieber,,2018,23,CLE,AL,11,5,0.688,4.55,114.2,485,95,3.23,1.334,10.2,1,1.8,9.3,5.13,1.1,0,biebesh01
Jack O'Connor,,1982,24,MIN,AL,8,9,0.471,4.29,126,543,99,4.57,1.421,8.7,0.9,4.1,4,0.98,1.1,-0.1,o'conja02
Jake Irvin,,2023,26,WSN,NL,3,7,0.3,4.61,121,530,92,5.3,1.421,8.8,1.5,4,7.4,1.83,1.1,0,irvinja01
Silvio Mart√≠nez,,1978,22,STL,NL,9,8,0.529,3.64,138.1,586,98,4.55,1.337,7.4,0.7,4.6,2.9,0.63,1.1,-0.1,martisi01
√ârik B√©dard,,2004,25,BAL,AL,6,10,0.375,4.59,137.1,633,99,4.22,1.602,9.8,0.9,4.7,7.9,1.7,1,-0.3,bedarer01
Brad Hennessey,,2005,25,SFG,NL,5,8,0.385,4.64,118.1,521,92,5.01,1.513,9.7,1.1,4,4.9,1.23,1,0.1,hennebr01
Jason Hirsh,,2007,25,COL,NL,5,7,0.417,4.81,112.1,483,100,5.32,1.344,8.3,1.4,3.8,6,1.56,1,0.2,hirshja01
John Lackey,ROY-4,2002,23,ANA,AL,9,4,0.692,3.66,108.1,465,121,3.91,1.348,9.4,0.8,2.7,5.7,2.09,1,0,lackejo01
M√©lido P√©rez,ROY-6,1988,22,CHW,AL,12,10,0.545,3.79,197,836,105,4.21,1.31,8.5,1.2,3.3,6.3,1.92,1,-0.7,perezme01
Joey Lucchesi,,2018,25,SDP,NL,8,9,0.471,4.08,130,548,94,4.31,1.292,8.7,1.6,3,10,3.37,1,0,lucchjo01
Jos√© Silva,,1998,24,PIT,NL,6,7,0.462,4.4,100.1,425,100,3.7,1.336,9.3,0.6,2.7,5.7,2.13,1,0.2,silvajo01
Bruce Berenyi,ROY-4,1981,26,CIN,NL,9,6,0.6,3.5,126,544,102,3.06,1.381,6.9,0.2,5.5,7.6,1.38,1,-0.1,berenbr01
Kurt Kepshire,,1984,24,STL,NL,6,5,0.545,3.3,109,453,106,3.51,1.321,8.3,0.6,3.6,5.9,1.61,1,0,kepshku01
Frank LaCorte,,1976,24,ATL,NL,3,12,0.2,4.7,105.1,465,81,3.55,1.424,8.3,0.5,4.5,6.8,1.49,1,0.1,lacorfr01
Jesse Litsch,,2007,22,TOR,AL,7,9,0.438,3.81,111,478,118,5.14,1.369,9.4,1.1,2.9,4.1,1.39,1,-0.1,litscje01
Triston McKenzie,,2021,23,CLE,AL,5,9,0.357,4.95,120,495,87,4.7,1.183,6.3,1.6,4.4,10.2,2.34,1,-0.1,mckentr01
Jason Simontacchi,ROY-9,2002,28,STL,NL,11,5,0.688,4.02,143.1,600,100,4.85,1.312,8.4,1.1,3.4,4.5,1.33,1,-0.2,simonja01
Adbert Alzolay,,2021,26,CHC,NL,5,13,0.278,4.58,125.2,519,92,4.65,1.162,8,1.8,2.4,9.2,3.76,1,-0.1,alzolad01
Tim Birtsas,,1985,24,OAK,AL,10,6,0.625,4.01,141.1,624,95,5,1.521,7.9,1.1,5.8,6,1.03,0.9,-0.3,birtsti01
Dennis Rasmussen,,1984,25,NYY,AL,9,6,0.6,4.57,147.2,616,83,3.99,1.266,7.7,1,3.7,6.7,1.83,0.9,-0.4,rasmude01
Grayson Rodriguez,,2023,23,BAL,AL,7,4,0.636,4.35,122,515,94,3.93,1.336,8.9,1.2,3.1,9.5,3.07,0.9,-0.1,rodrigr01
Jimmy Anderson,,2000,24,PIT,NL,5,11,0.313,5.25,144,648,89,4.65,1.576,10.6,0.8,3.6,4.6,1.26,0.9,-0.2,anderji02
Chris Welsh,,1981,26,SDP,NL,6,7,0.462,3.78,123.2,512,87,3.74,1.318,8.9,0.7,3,3.7,1.24,0.9,-0.2,welshch01
Josh Beckett,,2002,22,FLA,NL,6,7,0.462,4.1,107.2,454,98,3.69,1.272,7.8,1.1,3.7,9.4,2.57,0.9,0.1,beckejo02
Matt Chico,,2007,24,WSN,NL,7,9,0.438,4.63,167,747,91,5.56,1.539,9.9,1.4,4,5.1,1.27,0.9,-0.4,chicoma01
Logan Gilbert,,2021,24,SEA,AL,6,5,0.545,4.68,119.1,503,88,3.73,1.173,8.4,1.3,2.1,9.7,4.57,0.9,-0.1,gilbelo01
Mark Petkovsek,,1995,29,STL,NL,6,6,0.5,4,137.1,569,104,4.01,1.245,8.9,0.7,2.3,4.7,2.03,0.9,-0.1,petkoma01
David Price,,2009,23,TBR,AL,10,7,0.588,4.42,128.1,557,98,4.59,1.348,8.3,1.2,3.8,7.2,1.89,0.9,-0.3,priceda01
Bill Krueger,,1983,25,OAK,AL,7,6,0.538,3.61,109.2,473,106,4.03,1.432,8.5,0.6,4.3,4.8,1.09,0.9,-0.1,kruegbi01
John Ericks,,1995,27,PIT,NL,3,9,0.25,4.58,106,472,93,3.92,1.491,9.2,0.6,4.2,6.8,1.6,0.9,0.1,erickjo01
Jack McDowell,,1988,22,CHW,AL,5,10,0.333,3.97,158.2,687,100,4.11,1.355,8.3,0.7,3.9,4.8,1.24,0.9,-0.5,mcdowja01
Jeff Weaver,,1999,22,DET,AL,9,12,0.429,5.55,163.2,717,88,5.22,1.418,9.7,1.5,3.1,6.3,2.04,0.9,-0.7,weaveje01
Curt Young,,1984,24,OAK,AL,9,4,0.692,4.06,108.2,475,92,4.17,1.371,9.8,0.7,2.6,3.4,1.32,0.9,-0.1,youngcu01
Sidney Ponson,ROY-5,1998,21,BAL,AL,8,9,0.471,5.27,135,588,86,4.71,1.474,10.5,1.3,2.8,5.7,2.02,0.9,-0.4,ponsosi01
Andrew Su√°rez,,2018,25,SFG,NL,7,13,0.35,4.49,160.1,665,85,4.3,1.297,9.1,1.3,2.5,7.3,2.89,0.9,-0.4,suarean01
Paul Mirabella,,1980,26,TOR,AL,5,12,0.294,4.34,130.2,596,100,4.62,1.661,10.4,0.8,4.5,3.7,0.8,0.9,-0.3,mirabpa01
Ross Stripling,,2016,26,LAD,NL,5,9,0.357,3.96,100,419,102,3.9,1.26,8.6,0.9,2.7,6.7,2.47,0.9,0.1,stripro01
Chase Anderson,ROY-10,2014,26,ARI,NL,9,7,0.563,4.01,114.1,486,93,4.22,1.373,9.2,1.3,3.1,8.3,2.63,0.9,-0.1,anderch01
Jos√© Guzm√°n,,1986,23,TEX,AL,9,15,0.375,4.54,172.1,757,95,4.65,1.503,10.4,1.2,3.1,4.5,1.45,0.9,-0.7,guzmajo01
Brian Anderson,ROY-6,1994,22,CAL,AL,7,5,0.583,5.22,101.2,441,93,4.81,1.446,10.6,1.2,2.4,4.2,1.74,0.8,-0.1,anderbr02
Pat Combs,,1990,23,PHI,NL,10,10,0.5,4.07,183.1,800,93,3.95,1.445,8.8,0.6,4.2,5.3,1.26,0.8,-0.7,combspa01
Trevor Richards,,2018,25,MIA,NL,4,9,0.308,4.42,126.1,547,87,4.05,1.385,8.6,1.1,3.8,9.3,2.41,0.8,-0.2,richatr01
Graham Ashcraft,,2022,24,CIN,NL,5,6,0.455,4.89,105,464,89,4.21,1.419,10.2,0.9,2.6,6.1,2.37,0.8,-0.1,ashcrgr01
Rich DeLucia,ROY-5,1991,26,SEA,AL,12,13,0.48,5.09,182,779,81,5.35,1.396,8.7,1.5,3.9,4.8,1.26,0.8,-0.8,delucri01
Roenis El√≠as,,2014,25,SEA,AL,10,12,0.455,3.85,163.2,693,95,4.03,1.314,8.3,0.9,3.5,7.9,2.23,0.8,-0.7,eliasro01
Charlie Leibrandt,,1980,23,CIN,NL,10,9,0.526,4.25,173.2,754,85,4.13,1.463,10.4,0.8,2.8,3.2,1.15,0.8,-0.7,leibrch01
Tim Worrell,,1993,25,SDP,NL,2,7,0.222,4.92,100.2,443,84,4.66,1.46,9.3,1,3.8,4.6,1.21,0.8,0,worreti01
Byron McLaughlin,,1978,22,SEA,AL,4,8,0.333,4.37,107,457,88,4.04,1.271,8.2,1.3,3.3,7.3,2.23,0.8,-0.2,mclauby01
John Martin,,1981,25,STL,NL,8,5,0.615,3.42,102.2,407,105,3.98,1.081,7.5,0.9,2.3,3.2,1.38,0.8,-0.1,martijo05
Gene Nelson,,1982,21,SEA,AL,6,9,0.4,4.62,122.2,545,92,4.77,1.573,9.8,1.2,4.4,5.2,1.18,0.8,-0.3,nelsoge01
Ervin Santana,,2005,22,LAA,AL,12,8,0.6,4.65,133.2,583,91,4.43,1.392,9.4,1.1,3.2,6.7,2.11,0.8,-0.5,santaer01
Frank Castillo,,1991,22,CHC,NL,6,7,0.462,4.35,111.2,467,89,3.02,1.254,8.6,0.4,2.7,5.9,2.21,0.8,-0.1,castifr01
Jaime Cocanower,,1984,27,MIL,AL,8,16,0.333,4.02,174.2,771,97,4.49,1.523,9.7,0.7,4,3.3,0.83,0.8,-0.8,cocanja01
Carl Pavano,,1998,22,MON,NL,6,9,0.4,4.21,134.2,580,100,4.78,1.285,8.7,1.2,2.9,5.5,1.93,0.8,-0.3,pavanca01
David Hern√°ndez,,2009,24,BAL,AL,4,10,0.286,5.42,101.1,462,84,6.61,1.618,10.5,2.4,4.1,6,1.48,0.8,-0.2,hernada01
Jake Arrieta,,2010,24,BAL,AL,6,6,0.5,4.66,100.1,449,89,4.76,1.535,9.5,0.8,4.3,4.7,1.08,0.8,-0.2,arrieja01
Scott Bankhead,,1986,22,KCR,AL,8,9,0.471,4.61,121,517,92,3.71,1.306,9,1,2.8,7,2.54,0.8,-0.3,bankhsc01
Tom Koehler,,2013,27,MIA,NL,5,10,0.333,4.41,143,601,88,4.27,1.357,8.8,0.9,3.4,5.8,1.7,0.8,-0.4,koehlto01
Luke Prokopec,,2001,23,LAD,NL,8,7,0.533,4.88,138.1,596,82,5.22,1.345,9.5,1.8,2.6,5.9,2.28,0.8,-0.4,prokolu01
Andy Sonnanstine,,2007,24,TBD,AL,6,10,0.375,5.85,130.2,554,77,4.26,1.355,10.4,1.2,1.8,6.7,3.73,0.7,-0.5,sonnaan01
Jos√© de Jes√∫s,,1990,25,PHI,NL,7,8,0.467,3.74,130,544,102,4.2,1.308,6.7,0.7,5.1,6,1.19,0.7,-0.3,dejesjo01
Bill Swift,,1985,23,SEA,AL,6,10,0.375,4.77,120.2,532,88,3.95,1.483,9.8,0.6,3.6,4.1,1.15,0.7,-0.4,swiftbi02
Dane Dunning,,2021,26,TEX,AL,5,10,0.333,4.51,117.2,511,98,3.94,1.436,9.6,1,3.3,8.7,2.65,0.7,-0.3,dunnida01
Dillon Gee,,2011,25,NYM,NL,13,6,0.684,4.43,160.2,706,83,4.65,1.376,8.4,1,4,6.4,1.61,0.7,-0.6,geedi01
Mitchell Parker,,2024,24,WSN,NL,7,9,0.438,4.24,142.1,605,95,3.81,1.272,9,1.1,2.5,8,3.26,0.7,-0.5,parkemi01
Jes√∫s S√°nchez,,1998,23,FLA,NL,7,9,0.438,4.47,173,765,90,4.56,1.555,9.3,0.9,4.7,7.1,1.51,0.7,-0.6,sanchje01
Jim Beattie,,1978,23,NYY,AL,6,9,0.4,3.73,128,553,98,3.76,1.359,8.6,0.6,3.6,4.6,1.27,0.7,-0.5,beattji01
Dinelson Lamet,,2017,24,SDP,NL,7,8,0.467,4.57,114.1,485,93,4.35,1.242,6.9,1.4,4.3,10.9,2.57,0.7,-0.3,lametdi01
Matt Wisler,,2015,22,ATL,NL,8,8,0.5,4.71,109,478,82,4.93,1.459,9.8,1.3,3.3,5.9,1.8,0.7,-0.2,wislema01
Mike O'Connor,,2006,25,WSN,NL,3,8,0.273,4.8,105,455,89,5.37,1.343,8.2,1.3,3.9,5.1,1.31,0.7,-0.2,oconnmi01
Mitch Talbot,,2010,26,CLE,AL,10,13,0.435,4.41,159.1,696,90,4.48,1.494,9.5,0.7,3.9,5,1.28,0.7,-0.9,talbomi01
Paul Thormodsgard,,1977,23,MIN,AL,11,15,0.423,4.62,218,926,86,4.3,1.381,9.7,1,2.7,3.9,1.45,0.7,-1.4,thormpa01
Tom Underwood,,1975,21,PHI,NL,14,13,0.519,4.14,219.1,949,90,3.41,1.391,9.1,0.5,3.4,5,1.46,0.7,-1.2,underto01
John Denny,,1975,22,STL,NL,10,7,0.588,3.97,136,591,95,3.2,1.471,9.9,0.3,3.4,4.8,1.41,0.6,-0.5,dennyjo01
Kevin Kobel,,1974,20,MIL,AL,6,14,0.3,3.99,169.1,712,90,3.92,1.299,8.8,0.9,2.9,3.9,1.37,0.6,-0.9,kobelke01
Ben Sheets,,2001,22,MIL,NL,11,10,0.524,4.76,151.1,653,90,4.83,1.414,9.9,1.4,2.9,5.6,1.96,0.6,-0.6,sheetbe01
Joe Kelly,,2012,24,STL,NL,5,7,0.417,3.53,107,457,108,4,1.383,9.4,0.8,3,6.3,2.08,0.6,-0.3,kellyjo05
Glenn Otto,,2022,26,TEX,AL,7,10,0.412,4.64,135.2,587,86,5.21,1.334,7.9,1.4,4.1,7.1,1.73,0.6,-0.6,ottogl01
Kirk McCaskill,,1985,24,CAL,AL,12,12,0.5,4.7,189.2,807,88,4.26,1.334,9,1.1,3,4.8,1.59,0.6,-1.1,mccaski01
Osvaldo Fern√°ndez,,1996,29,SFG,NL,7,13,0.35,4.61,171.2,760,88,4.62,1.456,10.1,1,3,5.6,1.86,0.5,-0.8,fernaos01
Nick Martinez,,2014,23,TEX,AL,5,12,0.294,4.55,140.1,610,87,4.94,1.461,9.6,1.2,3.5,4.9,1.4,0.5,-0.7,martini01
Mark Mulder,,2000,22,OAK,AL,9,10,0.474,5.44,154,705,86,5.27,1.688,11.2,1.3,4,5.1,1.28,0.5,-0.9,muldema01
Kyle Harrison,,2024,22,SFG,NL,7,7,0.5,4.56,124.1,532,85,4.34,1.343,9,1.3,3,8.5,2.81,0.5,-0.5,harriky01
Ram√≥n Ortiz,,2000,27,ANA,AL,8,6,0.571,5.09,111.1,472,99,5.46,1.356,7.8,1.5,4.4,5.9,1.33,0.5,-0.5,ortizra02
Chris Reitsma,,2001,23,CIN,NL,7,15,0.318,5.29,182,800,87,4.53,1.418,10.3,1.1,2.4,4.7,1.96,0.5,-0.9,reitsch01
Scott Schoeneweis,,2000,26,ANA,AL,7,10,0.412,5.45,170,742,92,5.11,1.471,9.7,1.1,3.5,4.1,1.16,0.5,-1.1,schoesc01
Justin Germano,,2007,24,SDP,NL,7,10,0.412,4.46,133.1,566,90,4.52,1.298,9,0.9,2.7,5.3,1.95,0.5,-0.5,germaju01
Patrick Corbin,,2012,22,ARI,NL,6,8,0.429,4.54,107,454,90,4,1.327,9.8,1.2,2.1,7.2,3.44,0.5,-0.4,corbipa01
David Hess,,2018,24,BAL,AL,3,10,0.231,4.88,103.1,454,88,5.8,1.384,9.2,1.9,3.2,6.4,2,0.5,-0.5,hessda01
Chuck Porter,,1983,28,MIL,AL,7,9,0.438,4.5,134,595,84,3.39,1.493,10.9,0.6,2.6,5.1,2,0.5,-0.7,portech01
Mickey Mahler,,1978,25,ATL,NL,4,11,0.267,4.68,134.2,597,87,4.39,1.455,8.7,1.1,4.4,6.1,1.39,0.5,-0.6,mahlemi01
Brad Penny,,2000,22,FLA,NL,8,7,0.533,4.81,119.2,529,92,4.84,1.504,9,1,4.5,6,1.33,0.5,-0.5,pennybr01
Donne Wall,,1996,28,HOU,NL,9,8,0.529,4.56,150,643,84,4.13,1.36,10.2,1,2,5.9,2.91,0.5,-0.7,walldo01
Seth Greisinger,,1998,22,DET,AL,6,9,0.4,5.12,130,562,92,5.02,1.462,9.8,1.2,3.3,4.6,1.38,0.5,-0.8,greisse01
Brian Givens,,1995,29,MIL,AL,5,7,0.417,4.95,107.1,481,100,4.67,1.584,9.7,0.9,4.5,6.1,1.35,0.5,-0.6,givenbr01
Manny Parra,,2008,25,MIL,NL,10,8,0.556,4.39,166,741,96,4.16,1.542,9.8,1,4.1,8,1.96,0.4,-0.9,parrama01
Jeff Robinson,,1984,23,SFG,NL,7,15,0.318,4.56,171.2,749,77,3.52,1.439,10.2,0.6,2.7,5.3,1.96,0.4,-1.1,robinje01
John Wasdin,,1996,23,OAK,AL,8,7,0.533,5.96,131.1,575,86,5.64,1.485,9.9,1.6,3.4,5.1,1.5,0.4,-0.8,wasdijo01
Jim Abbott,ROY-5,1989,21,CAL,AL,12,12,0.5,3.92,181.1,788,98,3.72,1.456,9.4,0.6,3.7,5.7,1.55,0.4,-1.3,abbotji01
Luke Hochevar,,2008,24,KCR,AL,6,12,0.333,5.51,129,566,78,4.43,1.473,10,0.8,3.3,5,1.53,0.4,-0.8,hochelu01
Sean West,,2009,23,FLA,NL,8,6,0.571,4.79,103.1,467,90,4.49,1.539,10,1,3.8,6.1,1.59,0.4,-0.4,westse01
Brian Barnes,,1991,24,MON,NL,5,8,0.385,4.22,160,684,87,4.38,1.369,7.6,0.9,4.7,6.6,1.39,0.4,-0.9,barnebr01
Matt Beech,,1997,25,PHI,NL,4,9,0.308,5.07,136.2,602,84,5.09,1.493,9.7,1.6,3.8,7.9,2.11,0.4,-0.7,beechma01
Doug Capilla,,1977,25,CINSTL,NL,7,8,0.467,4.47,108.2,472,88,4.29,1.445,8,0.8,5.1,6.2,1.23,0.4,-0.6,capildo01
Adam Loewen,,2006,22,BAL,AL,6,6,0.5,5.37,112.1,504,84,4.2,1.54,8.9,0.6,5,7.9,1.58,0.4,-0.7,loewead01
Floyd Bannister,ROY-4,1977,22,HOU,NL,8,9,0.471,4.04,142.2,622,88,3.69,1.444,8.7,0.7,4.3,7.1,1.65,0.4,-0.8,bannifl01
Cal Quantrill,,2019,24,SDP,NL,6,8,0.429,5.16,103,443,81,4.28,1.301,9.3,1.3,2.4,7.8,3.18,0.4,-0.5,quantca01
Jon Lieber,,1994,24,PIT,NL,6,7,0.462,3.73,108.2,460,116,3.98,1.298,9.6,1,2.1,5.9,2.84,0.4,-0.5,liebejo01
Zack Britton,,2011,23,BAL,AL,11,11,0.5,4.61,154.1,666,92,4,1.451,9.4,0.7,3.6,5.7,1.56,0.4,-1.1,brittza01
Pete Harnisch,,1989,22,BAL,AL,5,9,0.357,4.62,103.1,468,82,4.67,1.558,8.4,0.9,5.6,6.1,1.09,0.4,-0.6,harnipe01
Rob Bell,,2000,23,CIN,NL,7,8,0.467,5,140.1,618,95,6.08,1.447,8.3,2.1,4.7,7.2,1.53,0.3,-0.8,bellro01
Jason Davis,,2003,23,CLE,AL,8,11,0.421,4.68,165.1,696,94,4.97,1.325,9.4,1.4,2.6,4.6,1.81,0.3,-1.2,davisja02
Kyle Farnsworth,,1999,23,CHC,NL,5,9,0.357,5.05,130,579,89,6.13,1.477,9.7,1.9,3.6,4.8,1.35,0.3,-0.7,farnsky01
Eric Gagn√©,,2000,24,LAD,NL,4,6,0.4,5.15,101.1,464,84,6.01,1.638,9.4,1.8,5.3,7,1.32,0.3,-0.5,gagneer01
Chris Codiroli,,1983,25,OAK,AL,12,12,0.5,4.46,205.2,884,86,4.16,1.361,9.1,0.7,3.2,3.7,1.18,0.3,-1.5,codirch01
Travis Driskill,,2002,30,BAL,AL,8,8,0.5,4.95,132.2,589,87,5.11,1.492,10.2,1.4,3.3,5.3,1.63,0.3,-1,drisktr01
Charlie Lea,,1980,23,MON,NL,7,5,0.583,3.72,104,458,96,3.94,1.519,8.9,0.4,4.8,4.8,1.02,0.3,-0.6,leach01
Mike Wood,,2004,24,KCR,AL,3,8,0.273,5.94,100,432,81,5.07,1.4,10.1,1.4,2.5,4.9,1.93,0.3,-0.7,woodmi01
Bob Kipper,,1986,21,PIT,NL,6,8,0.429,4.03,114,496,96,4.24,1.377,9.7,1.3,2.7,6.4,2.38,0.3,-0.7,kippebo01
Randy Wolf,,1999,22,PHI,NL,6,9,0.4,5.55,121.2,552,87,5.14,1.586,9.3,1.5,5,8.6,1.73,0.3,-0.7,wolfra02
John Koronka,,2006,25,TEX,AL,7,7,0.5,5.69,125,554,81,5.19,1.536,10.4,1.2,3.4,4.4,1.3,0.3,-0.9,koronjo01
Jim Parque,,1998,23,CHW,AL,7,5,0.583,5.1,113,507,90,4.85,1.628,10.8,1.1,3.9,6.1,1.57,0.3,-0.8,parquji01
Jeff Francis,ROY-6,2005,24,COL,NL,14,12,0.538,5.68,183.2,828,84,4.74,1.623,11.2,1.3,3.4,6.3,1.83,0.3,-1.2,francje01
Ricky Nolasco,,2006,23,FLA,NL,11,11,0.5,4.82,140,613,90,4.68,1.414,10.1,1.3,2.6,6.4,2.41,0.3,-0.8,nolasri01
Tony Saunders,,1997,23,FLA,NL,4,6,0.4,4.61,111.1,483,88,4.46,1.464,8,1,5.2,8.2,1.59,0.3,-0.6,saundto01
Tony Brizzolara,,1979,22,ATL,NL,6,9,0.4,5.28,107.1,487,77,3.27,1.547,11.2,0.5,2.8,5.4,1.94,0.3,-0.7,brizzto01
Charlie Puleo,,1982,27,NYM,NL,9,9,0.5,4.47,171,759,82,4.17,1.573,9.4,0.7,4.7,5.2,1.09,0.3,-1.2,puleoch01
Frank Seminara,ROY-7,1992,25,SDP,NL,9,4,0.692,3.68,100.1,435,98,3.68,1.435,8.8,0.4,4.1,5.5,1.33,0.3,-0.5,seminfr01
Ken Hill,,1989,23,STL,NL,7,15,0.318,3.8,196.2,862,95,3.81,1.449,8.5,0.4,4.5,5.1,1.13,0.3,-1.3,hillke01
Bob Walk,ROY-7,1980,23,PHI,NL,11,7,0.611,4.57,151.2,673,83,3.64,1.543,9.7,0.5,4.2,5.6,1.32,0.2,-1.1,walkbo01
Tyler Beede,,2019,26,SFG,NL,5,10,0.333,5.08,117,523,82,5.03,1.479,9.8,1.7,3.5,8.7,2.46,0.2,-0.7,beedety01
Juan Nieves,,1986,21,MIL,AL,11,12,0.478,4.92,184.2,834,89,3.98,1.63,10.9,0.8,3.8,5.7,1.51,0.2,-1.4,nieveju01
Vidal Nu√±o III,,2014,26,ARINYY,ALNL,2,12,0.143,4.56,161.2,679,83,4.51,1.256,8.7,1.4,2.6,7.2,2.8,0.2,-1.2,nunovi01
Kyle Bradish,,2022,25,BAL,AL,4,7,0.364,4.9,117.2,509,80,4.45,1.402,9.1,1.3,3.5,8.5,2.41,0.2,-0.8,bradiky01
Tyler Mahle,,2018,23,CIN,NL,7,9,0.438,4.98,112,507,84,5.25,1.589,10,1.8,4.3,8.8,2.08,0.2,-0.7,mahlety01
Derek Lilliquist,ROY-4,1989,23,ATL,NL,8,10,0.444,3.97,165.2,718,91,3.72,1.425,11,0.9,1.8,4.3,2.32,0.2,-1.1,lillide01
Elizardo Ram√≠rez,,2006,23,CIN,NL,4,9,0.308,5.37,104,465,87,4.64,1.462,10.6,1.2,2.5,6,2.38,0.2,-0.6,ramirel01
Scott Scudder,,1989,21,CIN,NL,4,9,0.308,4.49,100.1,451,81,5.12,1.515,8.2,1.3,5.5,5.9,1.08,0.2,-0.6,scuddsc01
Brad Woodall,,1998,29,MIL,NL,7,9,0.438,4.96,138,594,87,5.41,1.391,9.5,1.6,3.1,5.5,1.81,0.2,-0.9,woodabr01
Mike Brown,,1983,24,BOS,AL,6,6,0.5,4.67,104,454,94,4.88,1.471,9.5,1,3.7,3,0.81,0.2,-0.7,brownmi01
Jim Pittsley,,1997,23,KCR,AL,5,8,0.385,5.46,112,501,86,5.53,1.554,9.6,1.2,4.3,4.2,0.96,0.2,-0.9,pittsji01
Williams P√©rez,,2015,24,ATL,NL,7,6,0.538,4.78,116.2,514,80,4.87,1.551,10,1,3.9,5.6,1.43,0.2,-0.8,perezwi01
Mark Hendrickson,,2003,29,TOR,AL,9,9,0.5,5.51,158.1,703,86,4.8,1.56,11.8,1.4,2.3,4.3,1.9,0.1,-1.4,hendrma01
Pete Redfern,,1976,21,MIN,AL,8,8,0.5,3.51,118,508,103,3.72,1.424,8,0.5,4.8,5.6,1.17,0.1,-1,redfepe01
Craig Stammen,,2009,25,WSN,NL,4,7,0.364,5.11,105.2,448,83,4.68,1.287,9.5,1.2,2,4.1,2,0.1,-0.7,stammcr01
Yusei Kikuchi,,2019,28,SEA,AL,6,11,0.353,5.46,161.2,721,80,5.71,1.515,10.9,2,2.8,6.5,2.32,0.1,-1.4,kikucyu01
Ryan Jensen,ROY-6,2002,26,SFG,NL,13,8,0.619,4.51,171.2,744,86,4.57,1.45,9.6,1.1,3.5,5.5,1.59,0.1,-1.3,jensery01
Esteban Loaiza,,1995,23,PIT,NL,8,9,0.471,5.16,172.2,762,83,4.74,1.506,10.7,1.1,2.9,4.4,1.55,0.1,-1.2,loaizes01
Wil Crowe,,2021,26,PIT,NL,4,8,0.333,5.48,116.2,524,78,5.67,1.569,9.7,1.9,4.4,8.6,1.95,0.1,-0.9,crowewi01
Eric Lauer,,2018,23,SDP,NL,6,7,0.462,4.34,112,504,89,4.51,1.545,10.2,1.2,3.7,8,2.17,0.1,-0.8,lauerer01
Kent Bottenfield,,1993,24,COLMON,NL,5,10,0.333,5.07,159.2,710,88,5.6,1.566,10.1,1.4,4,3.6,0.89,0.1,-1.2,botteke01
Ted Lilly,,2001,25,NYY,AL,5,6,0.455,5.37,120.2,537,84,4.79,1.467,9.4,1.5,3.8,8.4,2.2,0.1,-1.1,lillyte01
Matt Clement,,1999,24,SDP,NL,10,12,0.455,4.48,180.2,803,94,4.51,1.528,9.5,0.9,4.3,6.7,1.57,0,-1.4,clemema01
Tom Dixon,,1978,23,HOU,NL,7,11,0.389,3.99,140,592,83,3.26,1.286,9,0.5,2.6,4.2,1.65,0,-1.1,dixonto01
Enrique Gonz√°lez,,2006,23,ARI,NL,3,7,0.3,5.67,106.1,462,83,4.69,1.392,9.6,1.2,2.9,5.6,1.94,0,-0.8,gonzaen01
Mike Moore,,1982,22,SEA,AL,7,14,0.333,5.36,144.1,651,79,5.28,1.649,9.9,1.3,4.9,4.6,0.92,0,-1.3,mooremi01
Bob Owchinko,,1977,22,SDP,NL,9,12,0.429,4.45,170,743,80,4.26,1.518,10.1,1.1,3.5,5.3,1.51,0,-1.3,owchibo01
Hunter Brown,,2023,24,HOU,AL,11,13,0.458,5.09,155.2,665,83,4.37,1.362,9.1,1.5,3.2,10.3,3.24,0,-1.4,brownhu01
Luis Medina,,2023,24,OAK,AL,3,10,0.231,5.42,109.2,495,78,4.76,1.514,8.9,1.1,4.7,8.7,1.86,0,-1,medinlu02
Ken Waldichuk,,2023,25,OAK,AL,4,9,0.308,5.36,141,639,78,5.3,1.56,9.5,1.5,4.5,8.4,1.86,0,-1.2,waldike01
Rocky Biddle,,2001,25,CHW,AL,7,8,0.467,5.39,128.2,571,86,4.74,1.469,9.6,1.1,3.6,5.9,1.63,0,-1.3,biddlro01
Ryne Nelson,,2023,25,ARI,NL,8,8,0.5,5.31,144,619,83,5.07,1.424,9.9,1.5,2.9,6,2.09,0,-1.3,nelsory01
Jonathan Heasley,,2022,25,KCR,AL,4,10,0.286,5.28,104,465,78,5.67,1.49,9.3,1.6,4.1,6.1,1.49,-0.1,-1,heasljo01
Danny Duffy,,2011,22,KCR,AL,4,8,0.333,5.64,105.1,474,73,4.82,1.614,10.2,1.3,4.4,7.4,1.71,-0.1,-1.1,duffyda01
Spencer Arrighetti,,2024,24,HOU,AL,7,12,0.368,4.72,131.2,577,84,4.18,1.42,8.6,1.3,4.2,10.8,2.59,-0.1,-1.2,arrigsp01
Jeff Suppan,,1997,22,BOS,AL,7,3,0.7,5.69,112.1,503,82,4.37,1.567,11.2,1,2.9,5.4,1.86,-0.1,-1.2,suppaje01
David Huff,,2009,24,CLE,AL,11,8,0.579,5.61,128.1,574,76,4.69,1.558,11.2,1.1,2.9,4.6,1.59,-0.1,-1.3,huffda01
Brad Halsey,,2005,24,ARI,NL,8,12,0.4,4.61,160,700,96,4.52,1.438,10.7,1.1,2.2,4.6,2.1,-0.1,-1.4,halsebr01
John Mitchell,,1987,21,NYM,NL,3,6,0.333,4.11,111.2,493,93,3.57,1.433,10,0.5,2.9,4.6,1.58,-0.1,-1.1,mitchjo02
Glendon Rusch,,1997,22,KCR,AL,6,9,0.4,5.5,170.1,758,85,4.92,1.515,10.9,1.5,2.7,6.1,2.23,-0.1,-1.7,ruschgl01
Sean Marshall,,2006,23,CHC,NL,6,9,0.4,5.59,125.2,563,83,5.57,1.52,9.5,1.4,4.2,5.5,1.31,-0.1,-1.1,marshse01
Kazuhisa Ishii,ROY-4,2002,28,LAD,NL,14,10,0.583,4.27,154,692,89,4.94,1.578,8,1.2,6.2,8.4,1.35,-0.1,-1.3,ishiika01
Frank Viola,,1982,22,MIN,AL,4,10,0.286,5.21,126,543,82,4.56,1.508,10.9,1.6,2.7,6,2.21,-0.1,-1.2,violafr01
Mike Gardiner,,1991,25,BOS,AL,9,10,0.474,4.85,130,562,89,4.34,1.438,9.7,1.2,3.3,6.3,1.94,-0.1,-1.3,gardimi01
Donovan Osborne,ROY-5,1992,23,STL,NL,11,9,0.55,3.77,179,754,90,3.31,1.291,9.7,0.7,1.9,5.2,2.74,-0.1,-1.5,osbordo01
Randy Tate,,1975,22,NYM,NL,5,13,0.278,4.45,137.2,605,78,3.89,1.504,7.9,0.5,5.6,6.5,1.15,-0.1,-1.3,tatera01
Tyler Green,,1995,25,PHI,NL,8,9,0.471,5.31,140.2,623,79,4.77,1.585,10,1,4.2,5.4,1.29,-0.2,-1.3,greenty01
Rick Honeycutt,,1978,24,SEA,AL,5,11,0.313,4.89,134.1,594,78,4.16,1.481,10,0.8,3.3,3.3,1.02,-0.2,-1.5,honeyri01
Zach McAllister,,2012,24,CLE,AL,6,8,0.429,4.24,125.1,543,92,4.24,1.364,9.6,1.4,2.7,7.9,2.89,-0.2,-1.4,mcallza01
Mark Clark,,1992,24,STL,NL,3,10,0.231,4.45,113.1,488,77,4.34,1.35,9.3,1,2.9,3.5,1.22,-0.2,-1,clarkma01
Mike Leake,,2010,22,CIN,NL,8,4,0.667,4.23,138.1,604,96,4.68,1.496,10.3,1.2,3.2,5.9,1.86,-0.2,-1.3,leakemi01
Sean Gallagher,,2008,22,CHCOAK,ALNL,5,7,0.417,5.15,115.1,522,85,4.48,1.526,9.2,1,4.5,8,1.78,-0.2,-1.2,gallase01
Justin Miller,,2002,24,TOR,AL,9,5,0.643,5.54,102.1,469,83,5.41,1.651,9.1,1.1,5.8,6,1.03,-0.2,-1.2,milleju01
Butch Henry,,1992,23,HOU,NL,6,9,0.4,4.02,165.2,710,84,3.64,1.364,10.1,0.9,2.2,5.2,2.34,-0.2,-1.4,henrybu01
Colin Rea,,2016,25,MIASDP,NL,5,5,0.5,4.82,102.2,454,83,4.63,1.422,8.9,1.1,3.9,7,1.82,-0.2,-1.1,reaco01
Bob Wolcott,,1996,22,SEA,AL,7,10,0.412,5.73,149.1,672,87,5.62,1.56,10.8,1.6,3.3,4.7,1.44,-0.3,-1.7,wolcobo01
Jesse Foppert,,2003,22,SFG,NL,8,9,0.471,5.03,111,500,84,5.03,1.55,8.4,1.3,5.6,8.2,1.46,-0.3,-1.1,foppeje01
Jimmy Jones,,1987,23,SDP,NL,9,7,0.563,4.14,145.2,639,96,4.64,1.428,9.5,0.9,3.3,3.2,0.94,-0.3,-1.6,jonesji02
Brian Meadows,,1998,22,FLA,NL,11,13,0.458,5.21,174.1,772,77,4.46,1.537,11.5,1,2.4,4.5,1.91,-0.3,-1.7,meadobr01
John Ely,,2010,24,LAD,NL,4,10,0.286,5.49,100,430,71,4.38,1.45,9.5,1.1,3.6,6.8,1.9,-0.3,-1.1,elyjo01
Doug Konieczny,,1975,23,HOU,NL,6,13,0.316,4.47,171,762,76,4.23,1.585,9.7,0.8,4.6,4.7,1.02,-0.3,-1.8,koniedo01
Bobby Witt,,1986,22,TEX,AL,11,9,0.55,5.48,157.2,741,79,4.83,1.732,7.4,1,8.2,9.9,1.22,-0.4,-1.8,wittbo01
Tim Pugh,,1993,26,CIN,NL,10,15,0.4,5.26,164.1,738,76,4.55,1.576,11,1,3.2,5.1,1.59,-0.4,-1.7,pughti01
Nick Pivetta,,2017,24,PHI,NL,8,10,0.444,6.02,133,584,72,4.87,1.511,9.7,1.7,3.9,9.5,2.46,-0.4,-1.5,pivetni01
Taj Bradley,,2023,22,TBR,AL,5,8,0.385,5.59,104.2,460,75,4.79,1.385,9.1,2,3.4,11.1,3.31,-0.4,-1.4,bradlta01
Greg Maddux,,1987,21,CHC,NL,6,14,0.3,5.61,155.2,701,76,4.5,1.638,10.5,1,4.3,5.8,1.36,-0.4,-1.8,maddugr01
Jeriome Robertson,ROY-7,2003,26,HOU,NL,15,9,0.625,5.1,160.2,711,86,4.97,1.519,10.1,1.3,3.6,5.5,1.55,-0.5,-1.7,roberje02
Mike Bielecki,,1986,26,PIT,NL,6,11,0.353,4.66,148.2,667,83,4.24,1.561,9,0.6,5,5,1,-0.5,-1.8,bielemi01
Jos√© Jim√©nez,,1999,25,STL,NL,5,14,0.263,5.85,163,727,79,4.53,1.497,9.6,0.9,3.9,6.2,1.59,-0.5,-1.8,jimenjo01
Scott Richmond,,2009,29,TOR,AL,8,11,0.421,5.52,138.2,610,80,5.22,1.486,9.5,1.8,3.8,7.6,1.98,-0.5,-1.8,richmsc01
Eric Bell,,1987,23,BAL,AL,10,13,0.435,5.45,165,729,81,5.5,1.527,9.5,1.7,4.3,6.1,1.42,-0.5,-2,beller01
Ed Hodge,,1984,26,MIN,AL,4,3,0.571,4.77,100,432,88,4.18,1.45,10.4,1.2,2.6,5.3,2.03,-0.5,-1.4,hodgeed01
Derek Holland,,2009,22,TEX,AL,8,13,0.381,6.12,138.1,611,76,5.1,1.496,10.4,1.7,3.1,7,2.28,-0.5,-1.8,hollade01
Santo Alcal√°,,1976,23,CIN,NL,11,4,0.733,4.7,132,583,75,4.39,1.5,8.9,0.8,4.6,4.6,1,-0.5,-1.7,alcalsa01
Tyler Chatwood,,2011,21,LAA,AL,6,11,0.353,4.75,142,633,79,4.89,1.669,10.5,0.9,4.5,4.7,1.04,-0.5,-1.9,chatwty01
Jeff Robinson,,1987,25,DET,AL,9,6,0.6,5.37,127.1,569,79,4.4,1.461,9.3,1.1,3.8,6.9,1.81,-0.6,-1.7,robinje02
Michael Lorenzen,,2015,23,CIN,NL,4,9,0.308,5.4,113.1,515,73,5.4,1.659,10.4,1.4,4.5,6.6,1.46,-0.6,-1.5,lorenmi01
Randy Johnson,,1989,25,MONSEA,ALNL,7,13,0.35,4.82,160.2,715,82,4.05,1.512,8.2,0.7,5.4,7.3,1.35,-0.6,-2.1,johnsra05
Joe Slusarski,,1991,24,OAK,AL,5,7,0.417,5.27,109.1,486,73,4.96,1.582,10,1.2,4.3,4.9,1.15,-0.6,-1.6,slusajo01
Scott Carroll,,2014,29,CHW,AL,5,10,0.333,4.8,129.1,573,78,4.77,1.485,10.2,0.9,3.1,4.5,1.42,-0.6,-1.8,carrosc02
Renie Martin,,1980,24,KCR,AL,10,10,0.5,4.39,137.1,599,91,5.02,1.478,8.7,1.2,4.6,4.5,0.97,-0.6,-1.8,martire01
Jeff Johnson,,1991,24,NYY,AL,6,11,0.353,5.95,127,562,70,4.34,1.488,11.1,1.1,2.3,4.4,1.88,-0.7,-1.9,johnsje02
Blake Stein,,1998,24,OAK,AL,5,9,0.357,6.37,117.1,538,71,6,1.602,9,1.7,5.4,6.8,1.25,-0.7,-1.9,steinbl01
Rob Dressler,,1976,22,SFG,NL,3,10,0.231,4.43,107.2,480,82,4.02,1.486,10.4,0.7,2.9,2.8,0.94,-0.7,-1.6,dressro01
Wade Taylor,,1991,25,NYY,AL,7,12,0.368,6.27,116.1,528,66,4.62,1.693,11.1,1,4.1,5.6,1.36,-0.7,-1.8,taylowa01
Jason Berken,,2009,25,BAL,AL,6,12,0.333,6.54,119.2,560,70,5.31,1.738,12.3,1.4,3.3,5,1.5,-0.8,-1.9,berkeja01
Jharel Cotton,,2017,25,OAK,AL,9,10,0.474,5.58,129,566,75,5.68,1.442,9.3,2,3.7,7.3,1.98,-0.8,-2,cottojh01
Ryan Drese,,2002,26,CLE,AL,10,9,0.526,6.55,137.1,635,67,4.38,1.733,11.5,1,4.1,6.7,1.65,-0.8,-2.1,dresery01
Wandy Rodr√≠guez,,2005,26,HOU,NL,10,10,0.5,5.53,128.2,560,77,5.12,1.461,9.4,1.3,3.7,5.6,1.51,-0.8,-1.8,rodriwa01
Mike Campbell,,1988,24,SEA,AL,6,10,0.375,5.89,114.2,507,71,4.84,1.491,10,1.4,3.4,4.9,1.47,-0.8,-1.8,campbmi01
Frankie Rodriguez,,1995,22,BOSMIN,AL,5,8,0.385,6.13,105.2,478,79,5.1,1.618,9.7,0.9,4.9,5,1.04,-0.8,-1.9,rodrifr0
Robert Gsellman,,2017,23,NYM,NL,8,7,0.533,5.19,119.2,549,80,4.89,1.504,10.4,1.3,3.2,6.2,1.95,-0.8,-1.8,gsellro01
Taylor Buchholz,,2006,24,HOU,NL,6,10,0.375,5.89,113,479,76,5.18,1.248,8.5,1.7,2.7,6.1,2.26,-0.9,-1.9,buchhta01
Carlton Loewer,,1998,24,PHI,NL,7,8,0.467,6.09,122.2,549,72,5.13,1.573,11.3,1.3,2.9,4.3,1.49,-0.9,-1.9,loeweca01
Alan Benes,ROY-7,1996,24,STL,NL,13,10,0.565,4.9,191,840,85,5.11,1.461,9,1.3,4.1,6.2,1.51,-1,-2.4,benesal01
Jeremy Bonderman,,2003,20,DET,AL,6,19,0.24,5.56,162,727,78,4.69,1.549,10.7,1.3,3.2,6,1.86,-1.1,-2.7,bondeje01
Allen Levrault,,2001,23,MIL,NL,6,10,0.375,6.06,130.2,593,71,6.03,1.569,10.1,1.9,4.1,5.5,1.36,-1.1,-2.2,levraal01
Wily Peralta,,2013,24,MIL,NL,11,15,0.423,4.37,183.1,802,88,4.3,1.418,9.2,0.9,3.6,6.3,1.77,-1.1,-2.6,peralwi01
Mike Bruhert,,1978,27,NYM,NL,4,11,0.267,4.78,133.2,585,73,3.12,1.534,11.5,0.4,2.3,3.8,1.65,-1.1,-2.3,bruhemi01
Randy Lerch,,1977,22,PHI,NL,10,6,0.625,5.07,168.2,761,80,4.67,1.672,11,1.1,4,4.3,1.08,-1.2,-2.5,lerchra01
Colby Lewis,,2003,23,TEX,AL,10,9,0.526,7.3,127,594,69,5.77,1.835,11.6,1.6,5,6.2,1.26,-1.3,-2.5,lewisco01
Kyle Abbott,,1992,24,PHI,NL,1,14,0.067,5.13,133.1,577,69,4.45,1.44,9.9,1.4,3,5.9,1.96,-1.3,-2.3,abbotky01
Garrett Olson,,2008,24,BAL,AL,9,10,0.474,6.65,132.2,621,67,5.13,1.734,11.4,1.2,4.2,5.6,1.34,-1.4,-2.7,olsonga01
Josh Geer,,2009,26,SDP,NL,1,7,0.125,5.96,102.2,438,64,6.25,1.354,10.2,2.4,2,4.7,2.35,-1.5,-2.3,geerjo01
Javier V√°zquez,,1998,21,MON,NL,5,15,0.25,6.06,172.1,764,69,5.24,1.532,10.2,1.6,3.6,7.3,2.04,-1.8,-3.2,vazquja01
Phil Huffman,,1979,21,TOR,AL,6,18,0.25,5.77,173,802,75,5.14,1.665,11.4,1.3,3.5,2.9,0.82,-1.8,-3.4,huffmph01
Paul Wilson,,1996,23,NYM,NL,5,12,0.294,5.38,149,677,75,4.65,1.53,9.5,0.9,4.3,6.6,1.54,-1.9,-3,wilsopa02
Joey Wentz,,2023,25,DET,AL,3,13,0.188,6.9,105.2,492,63,5.81,1.685,11.2,2.1,4,8.3,2.09,-1.9,-2.8,wentzjo01